"Nationality Code","Nationality","Time Code","Time","Area Code","Area","Both sexes Intra Prefectural","Male Intra Prefectural","Female Intra Prefectural","Both sexes enter the prefecture","Male enter the prefecture","Female enter the prefecture","Both sexes left the prefecture","Male left the prefecture","Female left the prefecture","Both sexes Net Migrations","Male Net Migrations","Female Net Migrations"
"60000","All nationalities","2018000404","Apr. 2018","00000","Japan","350,545","187,170","163,375","411,276","236,642","174,634","411,276","236,642","174,634","0","0","0"
"60000","All nationalities","2018000404","Apr. 2018","01000","Hokkaido","40,638","23,939","16,699","10,477","6,516","3,961","11,500","6,794","4,706","-1,023","-278","-745"
"60000","All nationalities","2018000404","Apr. 2018","02000","Aomori-ken","4,011","2,280","1,731","3,183","1,869","1,314","4,816","2,740","2,076","-1,633","-871","-762"
"60000","All nationalities","2018000404","Apr. 2018","03000","Iwate-ken","3,805","2,062","1,743","3,334","2,000","1,334","4,901","2,712","2,189","-1,567","-712","-855"
"60000","All nationalities","2018000404","Apr. 2018","04000","Miyagi-ken","7,814","4,005","3,809","10,515","6,143","4,372","9,989","5,981","4,008","526","162","364"
"60000","All nationalities","2018000404","Apr. 2018","05000","Akita-ken","1,639","858","781","2,209","1,333","876","3,167","1,811","1,356","-958","-478","-480"
"60000","All nationalities","2018000404","Apr. 2018","06000","Yamagata-ken","2,896","1,622","1,274","2,737","1,623","1,114","3,345","1,837","1,508","-608","-214","-394"
"60000","All nationalities","2018000404","Apr. 2018","07000","Fukushima-ken","4,694","2,792","1,902","4,246","2,659","1,587","5,945","3,477","2,468","-1,699","-818","-881"
"60000","All nationalities","2018000404","Apr. 2018","08000","Ibaraki-ken","6,221","3,450","2,771","8,050","4,923","3,127","9,252","5,415","3,837","-1,202","-492","-710"
"60000","All nationalities","2018000404","Apr. 2018","09000","Tochigi-ken","2,629","1,396","1,233","5,175","3,092","2,083","5,960","3,404","2,556","-785","-312","-473"
"60000","All nationalities","2018000404","Apr. 2018","10000","Gumma-ken","3,156","1,637","1,519","5,259","3,245","2,014","5,435","3,155","2,280","-176","90","-266"
"60000","All nationalities","2018000404","Apr. 2018","11000","Saitama-ken","14,386","7,404","6,982","25,823","14,329","11,494","21,793","12,463","9,330","4,030","1,866","2,164"
"60000","All nationalities","2018000404","Apr. 2018","12000","Chiba-ken","12,476","6,589","5,887","23,860","13,658","10,202","20,448","12,132","8,316","3,412","1,526","1,886"
"60000","All nationalities","2018000404","Apr. 2018","13000","Tokyo-to","45,101","23,251","21,850","67,482","35,655","31,827","53,920","30,937","22,983","13,562","4,718","8,844"
"60000","All nationalities","2018000404","Apr. 2018","14000","Kanagawa-ken","21,727","11,420","10,307","33,577","19,274","14,303","28,158","16,231","11,927","5,419","3,043","2,376"
"60000","All nationalities","2018000404","Apr. 2018","15000","Niigata-ken","5,080","2,624","2,456","4,636","2,869","1,767","5,868","3,362","2,506","-1,232","-493","-739"
"60000","All nationalities","2018000404","Apr. 2018","16000","Toyama-ken","1,149","597","552","2,242","1,382","860","2,597","1,490","1,107","-355","-108","-247"
"60000","All nationalities","2018000404","Apr. 2018","17000","Ishikawa-ken","1,954","1,041","913","3,951","2,478","1,473","3,803","2,262","1,541","148","216","-68"
"60000","All nationalities","2018000404","Apr. 2018","18000","Fukui-ken","1,123","555","568","1,633","1,007","626","2,150","1,234","916","-517","-227","-290"
"60000","All nationalities","2018000404","Apr. 2018","19000","Yamanashi-ken","1,539","771","768","2,571","1,507","1,064","2,660","1,509","1,151","-89","-2","-87"
"60000","All nationalities","2018000404","Apr. 2018","20000","Nagano-ken","4,570","2,389","2,181","4,888","2,869","2,019","5,605","3,126","2,479","-717","-257","-460"
"60000","All nationalities","2018000404","Apr. 2018","21000","Gifu-ken","3,946","2,057","1,889","4,129","2,360","1,769","5,625","3,186","2,439","-1,496","-826","-670"
"60000","All nationalities","2018000404","Apr. 2018","22000","Shizuoka-ken","8,104","4,368","3,736","8,825","5,486","3,339","10,213","5,959","4,254","-1,388","-473","-915"
"60000","All nationalities","2018000404","Apr. 2018","23000","Aichi-ken","21,325","11,658","9,667","21,753","13,321","8,432","20,184","12,087","8,097","1,569","1,234","335"
"60000","All nationalities","2018000404","Apr. 2018","24000","Mie-ken","3,485","1,903","1,582","4,528","2,852","1,676","5,547","3,293","2,254","-1,019","-441","-578"
"60000","All nationalities","2018000404","Apr. 2018","25000","Shiga-ken","2,062","1,123","939","4,584","2,801","1,783","4,016","2,294","1,722","568","507","61"
"60000","All nationalities","2018000404","Apr. 2018","26000","Kyoto-fu","5,816","2,948","2,868","9,928","5,571","4,357","9,281","5,127","4,154","647","444","203"
"60000","All nationalities","2018000404","Apr. 2018","27000","Osaka-fu","22,696","11,359","11,337","26,336","14,536","11,800","26,082","14,751","11,331","254","-215","469"
"60000","All nationalities","2018000404","Apr. 2018","28000","Hyogo-ken","11,246","5,903","5,343","14,861","8,401","6,460","15,685","8,720","6,965","-824","-319","-505"
"60000","All nationalities","2018000404","Apr. 2018","29000","Nara-ken","1,924","950","974","3,914","2,042","1,872","4,174","2,294","1,880","-260","-252","-8"
"60000","All nationalities","2018000404","Apr. 2018","30000","Wakayama-ken","1,795","1,011","784","1,876","1,058","818","2,704","1,509","1,195","-828","-451","-377"
"60000","All nationalities","2018000404","Apr. 2018","31000","Tottori-ken","1,247","700","547","1,676","1,035","641","2,168","1,242","926","-492","-207","-285"
"60000","All nationalities","2018000404","Apr. 2018","32000","Shimane-ken","1,954","1,104","850","2,241","1,336","905","2,556","1,435","1,121","-315","-99","-216"
"60000","All nationalities","2018000404","Apr. 2018","33000","Okayama-ken","3,627","1,860","1,767","5,342","3,035","2,307","6,264","3,531","2,733","-922","-496","-426"
"60000","All nationalities","2018000404","Apr. 2018","34000","Hiroshima-ken","7,525","3,991","3,534","9,799","5,872","3,927","10,006","5,756","4,250","-207","116","-323"
"60000","All nationalities","2018000404","Apr. 2018","35000","Yamaguchi-ken","4,294","2,454","1,840","4,841","3,103","1,738","4,703","2,682","2,021","138","421","-283"
"60000","All nationalities","2018000404","Apr. 2018","36000","Tokushima-ken","1,786","952","834","1,811","1,042","769","2,320","1,324","996","-509","-282","-227"
"60000","All nationalities","2018000404","Apr. 2018","37000","Kagawa-ken","1,649","944","705","3,462","2,049","1,413","3,920","2,311","1,609","-458","-262","-196"
"60000","All nationalities","2018000404","Apr. 2018","38000","Ehime-ken","3,724","2,118","1,606","3,758","2,343","1,415","4,347","2,441","1,906","-589","-98","-491"
"60000","All nationalities","2018000404","Apr. 2018","39000","Kochi-ken","2,106","1,169","937","1,928","1,163","765","2,494","1,457","1,037","-566","-294","-272"
"60000","All nationalities","2018000404","Apr. 2018","40000","Fukuoka-ken","17,741","9,117","8,624","20,512","11,562","8,950","19,479","11,358","8,121","1,033","204","829"
"60000","All nationalities","2018000404","Apr. 2018","41000","Saga-ken","1,520","752","768","2,594","1,461","1,133","3,382","1,964","1,418","-788","-503","-285"
"60000","All nationalities","2018000404","Apr. 2018","42000","Nagasaki-ken","4,296","2,413","1,883","4,475","2,708","1,767","6,123","3,448","2,675","-1,648","-740","-908"
"60000","All nationalities","2018000404","Apr. 2018","43000","Kumamoto-ken","6,592","3,283","3,309","5,240","3,079","2,161","6,665","3,917","2,748","-1,425","-838","-587"
"60000","All nationalities","2018000404","Apr. 2018","44000","Oita-ken","2,581","1,312","1,269","3,429","1,961","1,468","4,401","2,426","1,975","-972","-465","-507"
"60000","All nationalities","2018000404","Apr. 2018","45000","Miyazaki-ken","3,832","2,114","1,718","3,508","2,073","1,435","4,907","2,812","2,095","-1,399","-739","-660"
"60000","All nationalities","2018000404","Apr. 2018","46000","Kagoshima-ken","9,299","4,798","4,501","5,452","3,304","2,148","6,863","3,878","2,985","-1,411","-574","-837"
"60000","All nationalities","2018000404","Apr. 2018","47000","Okinawa-ken","7,765","4,127","3,638","4,626","2,657","1,969","5,855","3,368","2,487","-1,229","-711","-518"
"60000","All nationalities","2018000404","Apr. 2018","48000","Tokyo-Area","149,948","79,072","70,876","94,484","52,508","41,976","68,061","41,355","26,706","26,423","11,153","15,270"
"60000","All nationalities","2018000404","Apr. 2018","49000","Nagoya-Area","35,695","19,597","16,098","23,471","14,554","8,917","24,417","14,587","9,830","-946","-33","-913"
"60000","All nationalities","2018000404","Apr. 2018","50000","Osaka-Area","57,812","29,651","28,161","38,909","22,059","16,850","39,092","22,401","16,691","-183","-342","159"
"60000","All nationalities","2018000404","Apr. 2018","00416","Total of 21 major cities","77,309","39,283","38,026","209,730","114,638","95,092","191,507","108,401","83,106","18,223","6,237","11,986"
"60000","All nationalities","2018000404","Apr. 2018","01100","Sapporo-shi","5,399","2,680","2,719","13,791","8,185","5,606","12,114","7,306","4,808","1,677","879","798"
"60000","All nationalities","2018000404","Apr. 2018","04100","Sendai-shi","2,310","1,153","1,157","9,344","5,152","4,192","8,352","4,905","3,447","992","247","745"
"60000","All nationalities","2018000404","Apr. 2018","11100","Saitama-shi","1,780","908","872","7,936","4,448","3,488","6,685","3,737","2,948","1,251","711","540"
"60000","All nationalities","2018000404","Apr. 2018","12100","Chiba-shi","1,111","575","536","4,941","2,751","2,190","4,690","2,697","1,993","251","54","197"
"60000","All nationalities","2018000404","Apr. 2018","13100","Ku-area of Tokyo","27,213","13,915","13,298","54,441","28,521","25,920","46,923","26,443","20,480","7,518","2,078","5,440"
"60000","All nationalities","2018000404","Apr. 2018","14100","Yokohama-shi","6,833","3,514","3,319","17,321","9,565","7,756","15,052","8,426","6,626","2,269","1,139","1,130"
"60000","All nationalities","2018000404","Apr. 2018","14130","Kawasaki-shi","1,437","735","702","9,910","5,261","4,649","8,709","4,818","3,891","1,201","443","758"
"60000","All nationalities","2018000404","Apr. 2018","14150","Sagamihara-shi","462","224","238","3,172","1,669","1,503","2,947","1,612","1,335","225","57","168"
"60000","All nationalities","2018000404","Apr. 2018","15100","Niigata-shi","1,007","507","500","3,677","2,122","1,555","3,643","2,086","1,557","34","36","-2"
"60000","All nationalities","2018000404","Apr. 2018","22100","Shizuoka-shi","639","323","316","2,980","1,786","1,194","3,106","1,786","1,320","-126","0","-126"
"60000","All nationalities","2018000404","Apr. 2018","22130","Hamamatsu-shi","1,352","683","669","2,658","1,569","1,089","3,181","1,921","1,260","-523","-352","-171"
"60000","All nationalities","2018000404","Apr. 2018","23100","Nagoya-shi","5,265","2,711","2,554","13,980","7,930","6,050","13,450","7,826","5,624","530","104","426"
"60000","All nationalities","2018000404","Apr. 2018","26100","Kyoto-shi","2,846","1,427","1,419","7,307","3,802","3,505","6,750","3,618","3,132","557","184","373"
"60000","All nationalities","2018000404","Apr. 2018","27100","Osaka-shi","6,269","3,183","3,086","14,561","7,735","6,826","13,024","7,094","5,930","1,537","641","896"
"60000","All nationalities","2018000404","Apr. 2018","27140","Sakai-shi","916","455","461","2,840","1,492","1,348","3,431","1,872","1,559","-591","-380","-211"
"60000","All nationalities","2018000404","Apr. 2018","28100","Kobe-shi","2,470","1,275","1,195","6,230","3,361","2,869","6,471","3,547","2,924","-241","-186","-55"
"60000","All nationalities","2018000404","Apr. 2018","33100","Okayama-shi","916","466","450","3,890","2,160","1,730","4,011","2,283","1,728","-121","-123","2"
"60000","All nationalities","2018000404","Apr. 2018","34100","Hiroshima-shi","2,177","1,057","1,120","7,463","4,269","3,194","7,194","4,186","3,008","269","83","186"
"60000","All nationalities","2018000404","Apr. 2018","40100","Kitakyushu-shi","1,645","871","774","4,694","2,678","2,016","4,634","2,610","2,024","60","68","-8"
"60000","All nationalities","2018000404","Apr. 2018","40130","Fukuoka-shi","3,621","1,826","1,795","13,675","7,447","6,228","12,141","6,786","5,355","1,534","661","873"
"60000","All nationalities","2018000404","Apr. 2018","43100","Kumamoto-shi","1,641","795","846","4,919","2,735","2,184","4,999","2,842","2,157","-80","-107","27"
"60000","All nationalities","2018000303","Mar. 2018","00000","Japan","417,725","211,625","206,100","495,830","265,343","230,487","495,830","265,343","230,487","0","0","0"
"60000","All nationalities","2018000303","Mar. 2018","01000","Hokkaido","32,549","16,477","16,072","9,336","5,315","4,021","13,925","7,795","6,130","-4,589","-2,480","-2,109"
"60000","All nationalities","2018000303","Mar. 2018","02000","Aomori-ken","2,732","1,361","1,371","3,440","1,993","1,447","6,817","3,453","3,364","-3,377","-1,460","-1,917"
"60000","All nationalities","2018000303","Mar. 2018","03000","Iwate-ken","3,517","1,734","1,783","3,076","1,719","1,357","5,751","2,879","2,872","-2,675","-1,160","-1,515"
"60000","All nationalities","2018000303","Mar. 2018","04000","Miyagi-ken","8,128","3,974","4,154","9,883","5,234","4,649","11,626","6,293","5,333","-1,743","-1,059","-684"
"60000","All nationalities","2018000303","Mar. 2018","05000","Akita-ken","2,334","1,286","1,048","1,985","1,100","885","4,427","2,138","2,289","-2,442","-1,038","-1,404"
"60000","All nationalities","2018000303","Mar. 2018","06000","Yamagata-ken","2,559","1,288","1,271","2,553","1,410","1,143","4,650","2,259","2,391","-2,097","-849","-1,248"
"60000","All nationalities","2018000303","Mar. 2018","07000","Fukushima-ken","5,765","3,022","2,743","4,650","2,670","1,980","7,705","3,938","3,767","-3,055","-1,268","-1,787"
"60000","All nationalities","2018000303","Mar. 2018","08000","Ibaraki-ken","7,142","3,695","3,447","9,149","5,260","3,889","12,107","6,605","5,502","-2,958","-1,345","-1,613"
"60000","All nationalities","2018000303","Mar. 2018","09000","Tochigi-ken","4,275","2,176","2,099","6,436","3,616","2,820","8,552","4,610","3,942","-2,116","-994","-1,122"
"60000","All nationalities","2018000303","Mar. 2018","10000","Gumma-ken","4,613","2,382","2,231","5,715","3,360","2,355","7,420","3,994","3,426","-1,705","-634","-1,071"
"60000","All nationalities","2018000303","Mar. 2018","11000","Saitama-ken","18,993","9,677","9,316","34,098","18,069","16,029","26,932","14,522","12,410","7,166","3,547","3,619"
"60000","All nationalities","2018000303","Mar. 2018","12000","Chiba-ken","18,032","9,182","8,850","31,444","16,813","14,631","25,264","13,767","11,497","6,180","3,046","3,134"
"60000","All nationalities","2018000303","Mar. 2018","13000","Tokyo-to","57,366","28,774","28,592","97,911","49,631","48,280","58,208","31,618","26,590","39,703","18,013","21,690"
"60000","All nationalities","2018000303","Mar. 2018","14000","Kanagawa-ken","29,111","14,780","14,331","49,130","26,419","22,711","34,414","18,597","15,817","14,716","7,822","6,894"
"60000","All nationalities","2018000303","Mar. 2018","15000","Niigata-ken","6,792","3,489","3,303","4,347","2,469","1,878","7,650","3,935","3,715","-3,303","-1,466","-1,837"
"60000","All nationalities","2018000303","Mar. 2018","16000","Toyama-ken","1,851","1,031","820","2,561","1,507","1,054","3,192","1,716","1,476","-631","-209","-422"
"60000","All nationalities","2018000303","Mar. 2018","17000","Ishikawa-ken","2,530","1,337","1,193","3,650","2,174","1,476","4,792","2,739","2,053","-1,142","-565","-577"
"60000","All nationalities","2018000303","Mar. 2018","18000","Fukui-ken","1,652","942","710","1,848","1,086","762","2,664","1,406","1,258","-816","-320","-496"
"60000","All nationalities","2018000303","Mar. 2018","19000","Yamanashi-ken","2,530","1,360","1,170","2,423","1,370","1,053","3,870","1,927","1,943","-1,447","-557","-890"
"60000","All nationalities","2018000303","Mar. 2018","20000","Nagano-ken","8,303","4,320","3,983","5,523","3,178","2,345","7,786","3,981","3,805","-2,263","-803","-1,460"
"60000","All nationalities","2018000303","Mar. 2018","21000","Gifu-ken","4,841","2,451","2,390","5,290","2,993","2,297","7,039","3,676","3,363","-1,749","-683","-1,066"
"60000","All nationalities","2018000303","Mar. 2018","22000","Shizuoka-ken","11,683","6,072","5,611","10,901","6,288","4,613","14,360","7,840","6,520","-3,459","-1,552","-1,907"
"60000","All nationalities","2018000303","Mar. 2018","23000","Aichi-ken","29,848","15,634","14,214","25,305","14,417","10,888","23,112","12,837","10,275","2,193","1,580","613"
"60000","All nationalities","2018000303","Mar. 2018","24000","Mie-ken","4,018","2,095","1,923","5,402","3,121","2,281","6,971","3,795","3,176","-1,569","-674","-895"
"60000","All nationalities","2018000303","Mar. 2018","25000","Shiga-ken","3,059","1,642","1,417","5,242","2,965","2,277","5,517","3,101","2,416","-275","-136","-139"
"60000","All nationalities","2018000303","Mar. 2018","26000","Kyoto-fu","7,525","3,781","3,744","12,048","6,200","5,848","12,648","6,813","5,835","-600","-613","13"
"60000","All nationalities","2018000303","Mar. 2018","27000","Osaka-fu","28,989","14,397","14,592","32,426","16,136","16,290","29,661","16,150","13,511","2,765","-14","2,779"
"60000","All nationalities","2018000303","Mar. 2018","28000","Hyogo-ken","14,744","7,247","7,497","18,291","9,392","8,899","19,765","10,627","9,138","-1,474","-1,235","-239"
"60000","All nationalities","2018000303","Mar. 2018","29000","Nara-ken","2,227","1,047","1,180","4,490","2,284","2,206","5,175","2,760","2,415","-685","-476","-209"
"60000","All nationalities","2018000303","Mar. 2018","30000","Wakayama-ken","1,732","879","853","2,050","1,110","940","3,186","1,613","1,573","-1,136","-503","-633"
"60000","All nationalities","2018000303","Mar. 2018","31000","Tottori-ken","1,042","524","518","1,621","898","723","2,649","1,423","1,226","-1,028","-525","-503"
"60000","All nationalities","2018000303","Mar. 2018","32000","Shimane-ken","1,955","1,074","881","2,120","1,127","993","2,923","1,472","1,451","-803","-345","-458"
"60000","All nationalities","2018000303","Mar. 2018","33000","Okayama-ken","6,024","3,051","2,973","6,014","3,277","2,737","7,370","3,823","3,547","-1,356","-546","-810"
"60000","All nationalities","2018000303","Mar. 2018","34000","Hiroshima-ken","9,591","4,875","4,716","9,744","5,437","4,307","11,234","6,113","5,121","-1,490","-676","-814"
"60000","All nationalities","2018000303","Mar. 2018","35000","Yamaguchi-ken","3,026","1,615","1,411","3,862","2,222","1,640","5,578","2,961","2,617","-1,716","-739","-977"
"60000","All nationalities","2018000303","Mar. 2018","36000","Tokushima-ken","1,708","847","861","1,730","961","769","2,760","1,359","1,401","-1,030","-398","-632"
"60000","All nationalities","2018000303","Mar. 2018","37000","Kagawa-ken","2,153","1,016","1,137","3,806","2,149","1,657","4,381","2,301","2,080","-575","-152","-423"
"60000","All nationalities","2018000303","Mar. 2018","38000","Ehime-ken","3,142","1,585","1,557","3,563","1,940","1,623","5,137","2,613","2,524","-1,574","-673","-901"
"60000","All nationalities","2018000303","Mar. 2018","39000","Kochi-ken","2,042","1,074","968","1,721","909","812","3,050","1,540","1,510","-1,329","-631","-698"
"60000","All nationalities","2018000303","Mar. 2018","40000","Fukuoka-ken","23,058","11,187","11,871","21,503","11,087","10,416","21,688","11,804","9,884","-185","-717","532"
"60000","All nationalities","2018000303","Mar. 2018","41000","Saga-ken","1,901","968","933","3,108","1,644","1,464","4,031","2,015","2,016","-923","-371","-552"
"60000","All nationalities","2018000303","Mar. 2018","42000","Nagasaki-ken","5,699","2,986","2,713","4,960","2,752","2,208","7,396","3,715","3,681","-2,436","-963","-1,473"
"60000","All nationalities","2018000303","Mar. 2018","43000","Kumamoto-ken","6,737","3,289","3,448","5,272","2,893","2,379","7,684","3,979","3,705","-2,412","-1,086","-1,326"
"60000","All nationalities","2018000303","Mar. 2018","44000","Oita-ken","3,254","1,692","1,562","3,320","1,830","1,490","5,061","2,654","2,407","-1,741","-824","-917"
"60000","All nationalities","2018000303","Mar. 2018","45000","Miyazaki-ken","3,104","1,600","1,504","3,378","1,813","1,565","5,353","2,730","2,623","-1,975","-917","-1,058"
"60000","All nationalities","2018000303","Mar. 2018","46000","Kagoshima-ken","6,565","3,201","3,364","4,880","2,649","2,231","7,370","3,707","3,663","-2,490","-1,058","-1,432"
"60000","All nationalities","2018000303","Mar. 2018","47000","Okinawa-ken","7,284","3,509","3,775","4,625","2,456","2,169","6,979","3,750","3,229","-2,354","-1,294","-1,060"
"60000","All nationalities","2018000303","Mar. 2018","48000","Tokyo-Area","201,524","103,151","98,373","134,561","70,194","64,367","66,796","37,766","29,030","67,765","32,428","35,337"
"60000","All nationalities","2018000303","Mar. 2018","49000","Nagoya-Area","48,002","25,165","22,837","26,702","15,546","11,156","27,827","15,323","12,504","-1,125","223","-1,348"
"60000","All nationalities","2018000303","Mar. 2018","50000","Osaka-Area","75,035","37,261","37,774","45,705","23,223","22,482","45,699","25,561","20,138","6","-2,338","2,344"
"60000","All nationalities","2018000303","Mar. 2018","00416","Total of 21 major cities","99,022","49,301","49,721","270,451","138,360","132,091","214,473","114,308","100,165","55,978","24,052","31,926"
"60000","All nationalities","2018000303","Mar. 2018","01100","Sapporo-shi","6,940","3,302","3,638","13,124","6,656","6,468","10,874","5,876","4,998","2,250","780","1,470"
"60000","All nationalities","2018000303","Mar. 2018","04100","Sendai-shi","2,801","1,372","1,429","8,889","4,452","4,437","9,212","4,886","4,326","-323","-434","111"
"60000","All nationalities","2018000303","Mar. 2018","11100","Saitama-shi","2,205","1,125","1,080","10,268","5,428","4,840","7,451","4,020","3,431","2,817","1,408","1,409"
"60000","All nationalities","2018000303","Mar. 2018","12100","Chiba-shi","1,478","760","718","7,287","3,824","3,463","5,779","3,088","2,691","1,508","736","772"
"60000","All nationalities","2018000303","Mar. 2018","13100","Ku-area of Tokyo","34,497","17,291","17,206","81,599","41,028","40,571","49,040","26,263","22,777","32,559","14,765","17,794"
"60000","All nationalities","2018000303","Mar. 2018","14100","Yokohama-shi","8,776","4,395","4,381","25,082","13,204","11,878","18,714","9,852","8,862","6,368","3,352","3,016"
"60000","All nationalities","2018000303","Mar. 2018","14130","Kawasaki-shi","1,999","1,034","965","15,963","8,549","7,414","10,359","5,473","4,886","5,604","3,076","2,528"
"60000","All nationalities","2018000303","Mar. 2018","14150","Sagamihara-shi","559","283","276","4,633","2,351","2,282","4,029","2,117","1,912","604","234","370"
"60000","All nationalities","2018000303","Mar. 2018","15100","Niigata-shi","1,548","738","810","3,926","2,048","1,878","4,415","2,358","2,057","-489","-310","-179"
"60000","All nationalities","2018000303","Mar. 2018","22100","Shizuoka-shi","906","463","443","3,676","1,995","1,681","3,991","2,168","1,823","-315","-173","-142"
"60000","All nationalities","2018000303","Mar. 2018","22130","Hamamatsu-shi","1,851","930","921","3,484","1,974","1,510","4,225","2,328","1,897","-741","-354","-387"
"60000","All nationalities","2018000303","Mar. 2018","23100","Nagoya-shi","6,944","3,557","3,387","16,375","8,579","7,796","14,853","7,964","6,889","1,522","615","907"
"60000","All nationalities","2018000303","Mar. 2018","26100","Kyoto-shi","3,435","1,722","1,713","9,530","4,761","4,769","9,145","4,767","4,378","385","-6","391"
"60000","All nationalities","2018000303","Mar. 2018","27100","Osaka-shi","7,818","3,927","3,891","18,674","9,205","9,469","14,372","7,625","6,747","4,302","1,580","2,722"
"60000","All nationalities","2018000303","Mar. 2018","27140","Sakai-shi","1,198","600","598","3,719","1,911","1,808","4,015","2,096","1,919","-296","-185","-111"
"60000","All nationalities","2018000303","Mar. 2018","28100","Kobe-shi","3,145","1,536","1,609","8,172","3,979","4,193","7,831","4,196","3,635","341","-217","558"
"60000","All nationalities","2018000303","Mar. 2018","33100","Okayama-shi","1,359","693","666","4,636","2,413","2,223","4,919","2,591","2,328","-283","-178","-105"
"60000","All nationalities","2018000303","Mar. 2018","34100","Hiroshima-shi","3,014","1,484","1,530","7,344","3,897","3,447","7,335","3,961","3,374","9","-64","73"
"60000","All nationalities","2018000303","Mar. 2018","40100","Kitakyushu-shi","1,994","978","1,016","4,880","2,669","2,211","5,664","3,014","2,650","-784","-345","-439"
"60000","All nationalities","2018000303","Mar. 2018","40130","Fukuoka-shi","4,794","2,300","2,494","14,263","6,823","7,440","12,817","6,782","6,035","1,446","41","1,405"
"60000","All nationalities","2018000303","Mar. 2018","43100","Kumamoto-shi","1,761","811","950","4,927","2,614","2,313","5,433","2,883","2,550","-506","-269","-237"
"60000","All nationalities","2018000202","Feb. 2018","00000","Japan","205,390","105,472","99,918","155,111","84,500","70,611","155,111","84,500","70,611","0","0","0"
"60000","All nationalities","2018000202","Feb. 2018","01000","Hokkaido","10,583","5,247","5,336","2,371","1,371","1,000","2,960","1,683","1,277","-589","-312","-277"
"60000","All nationalities","2018000202","Feb. 2018","02000","Aomori-ken","835","390","445","834","500","334","1,105","594","511","-271","-94","-177"
"60000","All nationalities","2018000202","Feb. 2018","03000","Iwate-ken","1,030","520","510","884","509","375","1,028","511","517","-144","-2","-142"
"60000","All nationalities","2018000202","Feb. 2018","04000","Miyagi-ken","4,017","2,003","2,014","2,405","1,359","1,046","2,441","1,376","1,065","-36","-17","-19"
"60000","All nationalities","2018000202","Feb. 2018","05000","Akita-ken","387","181","206","583","328","255","685","352","333","-102","-24","-78"
"60000","All nationalities","2018000202","Feb. 2018","06000","Yamagata-ken","853","431","422","692","384","308","836","446","390","-144","-62","-82"
"60000","All nationalities","2018000202","Feb. 2018","07000","Fukushima-ken","1,677","944","733","1,474","862","612","1,894","1,044","850","-420","-182","-238"
"60000","All nationalities","2018000202","Feb. 2018","08000","Ibaraki-ken","3,510","1,885","1,625","3,385","1,934","1,451","3,758","2,126","1,632","-373","-192","-181"
"60000","All nationalities","2018000202","Feb. 2018","09000","Tochigi-ken","1,876","957","919","2,200","1,262","938","2,635","1,432","1,203","-435","-170","-265"
"60000","All nationalities","2018000202","Feb. 2018","10000","Gumma-ken","2,270","1,163","1,107","2,221","1,264","957","2,305","1,314","991","-84","-50","-34"
"60000","All nationalities","2018000202","Feb. 2018","11000","Saitama-ken","11,290","5,854","5,436","12,516","6,835","5,681","10,775","5,930","4,845","1,741","905","836"
"60000","All nationalities","2018000202","Feb. 2018","12000","Chiba-ken","10,490","5,638","4,852","10,586","5,731","4,855","10,240","5,751","4,489","346","-20","366"
"60000","All nationalities","2018000202","Feb. 2018","13000","Tokyo-to","35,340","18,197","17,143","29,555","15,341","14,214","26,295","14,113","12,182","3,260","1,228","2,032"
"60000","All nationalities","2018000202","Feb. 2018","14000","Kanagawa-ken","18,154","9,350","8,804","14,796","7,933","6,863","14,026","7,643","6,383","770","290","480"
"60000","All nationalities","2018000202","Feb. 2018","15000","Niigata-ken","2,149","1,100","1,049","1,141","647","494","1,443","751","692","-302","-104","-198"
"60000","All nationalities","2018000202","Feb. 2018","16000","Toyama-ken","754","372","382","803","480","323","791","444","347","12","36","-24"
"60000","All nationalities","2018000202","Feb. 2018","17000","Ishikawa-ken","930","465","465","949","545","404","1,276","716","560","-327","-171","-156"
"60000","All nationalities","2018000202","Feb. 2018","18000","Fukui-ken","514","257","257","627","332","295","679","365","314","-52","-33","-19"
"60000","All nationalities","2018000202","Feb. 2018","19000","Yamanashi-ken","1,146","588","558","844","438","406","1,243","711","532","-399","-273","-126"
"60000","All nationalities","2018000202","Feb. 2018","20000","Nagano-ken","2,268","1,091","1,177","1,691","966","725","1,781","948","833","-90","18","-108"
"60000","All nationalities","2018000202","Feb. 2018","21000","Gifu-ken","2,120","1,047","1,073","2,060","1,165","895","2,408","1,262","1,146","-348","-97","-251"
"60000","All nationalities","2018000202","Feb. 2018","22000","Shizuoka-ken","5,656","2,986","2,670","3,532","2,045","1,487","3,745","2,082","1,663","-213","-37","-176"
"60000","All nationalities","2018000202","Feb. 2018","23000","Aichi-ken","16,531","8,925","7,606","7,873","4,591","3,282","7,613","4,484","3,129","260","107","153"
"60000","All nationalities","2018000202","Feb. 2018","24000","Mie-ken","1,703","864","839","2,003","1,243","760","2,500","1,428","1,072","-497","-185","-312"
"60000","All nationalities","2018000202","Feb. 2018","25000","Shiga-ken","1,597","813","784","1,883","1,020","863","1,740","1,013","727","143","7","136"
"60000","All nationalities","2018000202","Feb. 2018","26000","Kyoto-fu","4,045","1,992","2,053","3,386","1,737","1,649","3,853","1,981","1,872","-467","-244","-223"
"60000","All nationalities","2018000202","Feb. 2018","27000","Osaka-fu","17,697","9,051","8,646","10,426","5,471","4,955","10,375","5,577","4,798","51","-106","157"
"60000","All nationalities","2018000202","Feb. 2018","28000","Hyogo-ken","7,762","3,846","3,916","5,880","3,118","2,762","5,864","3,136","2,728","16","-18","34"
"60000","All nationalities","2018000202","Feb. 2018","29000","Nara-ken","1,389","723","666","1,585","811","774","2,185","1,090","1,095","-600","-279","-321"
"60000","All nationalities","2018000202","Feb. 2018","30000","Wakayama-ken","720","352","368","778","418","360","857","447","410","-79","-29","-50"
"60000","All nationalities","2018000202","Feb. 2018","31000","Tottori-ken","374","183","191","468","251","217","568","295","273","-100","-44","-56"
"60000","All nationalities","2018000202","Feb. 2018","32000","Shimane-ken","373","207","166","712","383","329","631","368","263","81","15","66"
"60000","All nationalities","2018000202","Feb. 2018","33000","Okayama-ken","2,631","1,309","1,322","1,751","980","771","1,965","1,040","925","-214","-60","-154"
"60000","All nationalities","2018000202","Feb. 2018","34000","Hiroshima-ken","4,503","2,382","2,121","2,779","1,607","1,172","3,118","1,711","1,407","-339","-104","-235"
"60000","All nationalities","2018000202","Feb. 2018","35000","Yamaguchi-ken","1,258","623","635","1,333","749","584","1,464","766","698","-131","-17","-114"
"60000","All nationalities","2018000202","Feb. 2018","36000","Tokushima-ken","810","384","426","621","372","249","648","341","307","-27","31","-58"
"60000","All nationalities","2018000202","Feb. 2018","37000","Kagawa-ken","960","487","473","994","516","478","1,118","610","508","-124","-94","-30"
"60000","All nationalities","2018000202","Feb. 2018","38000","Ehime-ken","1,228","663","565","1,071","654","417","1,309","728","581","-238","-74","-164"
"60000","All nationalities","2018000202","Feb. 2018","39000","Kochi-ken","814","421","393","511","261","250","565","298","267","-54","-37","-17"
"60000","All nationalities","2018000202","Feb. 2018","40000","Fukuoka-ken","11,840","5,996","5,844","5,915","3,132","2,783","5,498","3,003","2,495","417","129","288"
"60000","All nationalities","2018000202","Feb. 2018","41000","Saga-ken","679","318","361","1,086","551","535","997","493","504","89","58","31"
"60000","All nationalities","2018000202","Feb. 2018","42000","Nagasaki-ken","1,132","568","564","1,141","662","479","1,442","741","701","-301","-79","-222"
"60000","All nationalities","2018000202","Feb. 2018","43000","Kumamoto-ken","2,856","1,391","1,465","1,583","892","691","1,632","834","798","-49","58","-107"
"60000","All nationalities","2018000202","Feb. 2018","44000","Oita-ken","948","473","475","1,085","627","458","1,198","609","589","-113","18","-131"
"60000","All nationalities","2018000202","Feb. 2018","45000","Miyazaki-ken","942","504","438","1,048","554","494","1,019","566","453","29","-12","41"
"60000","All nationalities","2018000202","Feb. 2018","46000","Kagoshima-ken","1,842","902","940","1,505","839","666","1,388","708","680","117","131","-14"
"60000","All nationalities","2018000202","Feb. 2018","47000","Okinawa-ken","2,907","1,429","1,478","1,545","830","715","1,215","639","576","330","191","139"
"60000","All nationalities","2018000202","Feb. 2018","48000","Tokyo-Area","113,953","59,529","54,424","28,774","15,350","13,424","22,657","12,947","9,710","6,117","2,403","3,714"
"60000","All nationalities","2018000202","Feb. 2018","49000","Nagoya-Area","24,343","13,051","11,292","7,947","4,784","3,163","8,532","4,959","3,573","-585","-175","-410"
"60000","All nationalities","2018000202","Feb. 2018","50000","Osaka-Area","40,208","20,292","19,916","11,962","6,457","5,505","12,962","7,104","5,858","-1,000","-647","-353"
"60000","All nationalities","2018000202","Feb. 2018","00416","Total of 21 major cities","64,455","32,609","31,846","89,214","46,800","42,414","84,726","45,333","39,393","4,488","1,467","3,021"
"60000","All nationalities","2018000202","Feb. 2018","01100","Sapporo-shi","4,034","1,922","2,112","3,200","1,661","1,539","2,820","1,498","1,322","380","163","217"
"60000","All nationalities","2018000202","Feb. 2018","04100","Sendai-shi","1,655","804","851","2,275","1,195","1,080","2,201","1,215","986","74","-20","94"
"60000","All nationalities","2018000202","Feb. 2018","11100","Saitama-shi","1,532","769","763","3,909","2,030","1,879","3,327","1,800","1,527","582","230","352"
"60000","All nationalities","2018000202","Feb. 2018","12100","Chiba-shi","1,001","546","455","2,650","1,476","1,174","2,578","1,416","1,162","72","60","12"
"60000","All nationalities","2018000202","Feb. 2018","13100","Ku-area of Tokyo","22,861","11,790","11,071","26,916","13,898","13,018","24,010","12,730","11,280","2,906","1,168","1,738"
"60000","All nationalities","2018000202","Feb. 2018","14100","Yokohama-shi","5,652","2,852","2,800","8,310","4,460","3,850","8,658","4,631","4,027","-348","-171","-177"
"60000","All nationalities","2018000202","Feb. 2018","14130","Kawasaki-shi","1,407","768","639","5,875","3,093","2,782","5,446","2,954","2,492","429","139","290"
"60000","All nationalities","2018000202","Feb. 2018","14150","Sagamihara-shi","439","219","220","2,053","1,081","972","1,753","917","836","300","164","136"
"60000","All nationalities","2018000202","Feb. 2018","15100","Niigata-shi","813","421","392","860","466","394","959","510","449","-99","-44","-55"
"60000","All nationalities","2018000202","Feb. 2018","22100","Shizuoka-shi","602","305","297","945","534","411","1,037","595","442","-92","-61","-31"
"60000","All nationalities","2018000202","Feb. 2018","22130","Hamamatsu-shi","1,259","638","621","1,182","697","485","1,183","673","510","-1","24","-25"
"60000","All nationalities","2018000202","Feb. 2018","23100","Nagoya-shi","4,267","2,196","2,071","5,440","2,936","2,504","5,542","3,107","2,435","-102","-171","69"
"60000","All nationalities","2018000202","Feb. 2018","26100","Kyoto-shi","2,369","1,137","1,232","2,666","1,348","1,318","3,126","1,570","1,556","-460","-222","-238"
"60000","All nationalities","2018000202","Feb. 2018","27100","Osaka-shi","5,312","2,653","2,659","7,736","4,015","3,721","6,887","3,691","3,196","849","324","525"
"60000","All nationalities","2018000202","Feb. 2018","27140","Sakai-shi","822","403","419","1,564","855","709","1,664","873","791","-100","-18","-82"
"60000","All nationalities","2018000202","Feb. 2018","28100","Kobe-shi","2,128","989","1,139","2,808","1,458","1,350","2,857","1,493","1,364","-49","-35","-14"
"60000","All nationalities","2018000202","Feb. 2018","33100","Okayama-shi","883","452","431","1,417","727","690","1,485","791","694","-68","-64","-4"
"60000","All nationalities","2018000202","Feb. 2018","34100","Hiroshima-shi","1,939","1,023","916","2,183","1,194","989","2,137","1,145","992","46","49","-3"
"60000","All nationalities","2018000202","Feb. 2018","40100","Kitakyushu-shi","1,158","589","569","1,510","797","713","1,624","866","758","-114","-69","-45"
"60000","All nationalities","2018000202","Feb. 2018","40130","Fukuoka-shi","3,254","1,613","1,641","4,395","2,181","2,214","4,059","2,155","1,904","336","26","310"
"60000","All nationalities","2018000202","Feb. 2018","43100","Kumamoto-shi","1,068","520","548","1,320","698","622","1,373","703","670","-53","-5","-48"
"60000","All nationalities","2018000101","Jan. 2018","00000","Japan","181,712","93,934","87,778","146,660","81,626","65,034","146,660","81,626","65,034","0","0","0"
"60000","All nationalities","2018000101","Jan. 2018","01000","Hokkaido","9,111","4,666","4,445","2,464","1,469","995","2,884","1,629","1,255","-420","-160","-260"
"60000","All nationalities","2018000101","Jan. 2018","02000","Aomori-ken","829","396","433","826","503","323","1,039","587","452","-213","-84","-129"
"60000","All nationalities","2018000101","Jan. 2018","03000","Iwate-ken","929","473","456","901","501","400","1,006","543","463","-105","-42","-63"
"60000","All nationalities","2018000101","Jan. 2018","04000","Miyagi-ken","3,283","1,627","1,656","2,436","1,432","1,004","2,290","1,314","976","146","118","28"
"60000","All nationalities","2018000101","Jan. 2018","05000","Akita-ken","464","218","246","518","315","203","717","366","351","-199","-51","-148"
"60000","All nationalities","2018000101","Jan. 2018","06000","Yamagata-ken","709","349","360","595","327","268","723","373","350","-128","-46","-82"
"60000","All nationalities","2018000101","Jan. 2018","07000","Fukushima-ken","1,513","745","768","1,494","946","548","1,688","956","732","-194","-10","-184"
"60000","All nationalities","2018000101","Jan. 2018","08000","Ibaraki-ken","3,372","1,841","1,531","3,283","1,951","1,332","3,727","2,275","1,452","-444","-324","-120"
"60000","All nationalities","2018000101","Jan. 2018","09000","Tochigi-ken","1,788","920","868","2,326","1,363","963","2,603","1,540","1,063","-277","-177","-100"
"60000","All nationalities","2018000101","Jan. 2018","10000","Gumma-ken","2,054","1,068","986","2,336","1,444","892","2,035","1,191","844","301","253","48"
"60000","All nationalities","2018000101","Jan. 2018","11000","Saitama-ken","10,059","5,241","4,818","11,313","6,272","5,041","10,017","5,554","4,463","1,296","718","578"
"60000","All nationalities","2018000101","Jan. 2018","12000","Chiba-ken","8,371","4,463","3,908","9,621","5,283","4,338","9,792","5,683","4,109","-171","-400","229"
"60000","All nationalities","2018000101","Jan. 2018","13000","Tokyo-to","30,702","15,886","14,816","27,088","14,195","12,893","23,719","12,822","10,897","3,369","1,373","1,996"
"60000","All nationalities","2018000101","Jan. 2018","14000","Kanagawa-ken","15,265","8,222","7,043","13,562","7,426","6,136","12,794","7,116","5,678","768","310","458"
"60000","All nationalities","2018000101","Jan. 2018","15000","Niigata-ken","1,803","867","936","1,101","628","473","1,378","767","611","-277","-139","-138"
"60000","All nationalities","2018000101","Jan. 2018","16000","Toyama-ken","721","368","353","788","484","304","801","457","344","-13","27","-40"
"60000","All nationalities","2018000101","Jan. 2018","17000","Ishikawa-ken","957","474","483","981","591","390","1,041","615","426","-60","-24","-36"
"60000","All nationalities","2018000101","Jan. 2018","18000","Fukui-ken","485","243","242","576","332","244","636","331","305","-60","1","-61"
"60000","All nationalities","2018000101","Jan. 2018","19000","Yamanashi-ken","948","473","475","800","448","352","878","518","360","-78","-70","-8"
"60000","All nationalities","2018000101","Jan. 2018","20000","Nagano-ken","2,031","1,011","1,020","1,638","872","766","1,764","945","819","-126","-73","-53"
"60000","All nationalities","2018000101","Jan. 2018","21000","Gifu-ken","2,119","1,031","1,088","1,873","1,035","838","2,293","1,210","1,083","-420","-175","-245"
"60000","All nationalities","2018000101","Jan. 2018","22000","Shizuoka-ken","5,313","2,805","2,508","3,464","2,053","1,411","3,513","1,971","1,542","-49","82","-131"
"60000","All nationalities","2018000101","Jan. 2018","23000","Aichi-ken","15,173","8,163","7,010","7,754","4,546","3,208","7,777","4,613","3,164","-23","-67","44"
"60000","All nationalities","2018000101","Jan. 2018","24000","Mie-ken","1,743","946","797","2,150","1,344","806","2,235","1,273","962","-85","71","-156"
"60000","All nationalities","2018000101","Jan. 2018","25000","Shiga-ken","1,340","750","590","1,615","931","684","1,745","997","748","-130","-66","-64"
"60000","All nationalities","2018000101","Jan. 2018","26000","Kyoto-fu","3,245","1,647","1,598","3,222","1,675","1,547","3,446","1,793","1,653","-224","-118","-106"
"60000","All nationalities","2018000101","Jan. 2018","27000","Osaka-fu","15,316","7,818","7,498","9,844","5,314","4,530","9,902","5,509","4,393","-58","-195","137"
"60000","All nationalities","2018000101","Jan. 2018","28000","Hyogo-ken","6,837","3,496","3,341","5,650","3,092","2,558","5,910","3,208","2,702","-260","-116","-144"
"60000","All nationalities","2018000101","Jan. 2018","29000","Nara-ken","1,197","599","598","1,402","752","650","1,637","832","805","-235","-80","-155"
"60000","All nationalities","2018000101","Jan. 2018","30000","Wakayama-ken","697","329","368","668","369","299","867","435","432","-199","-66","-133"
"60000","All nationalities","2018000101","Jan. 2018","31000","Tottori-ken","357","163","194","404","234","170","501","274","227","-97","-40","-57"
"60000","All nationalities","2018000101","Jan. 2018","32000","Shimane-ken","336","181","155","544","286","258","558","298","260","-14","-12","-2"
"60000","All nationalities","2018000101","Jan. 2018","33000","Okayama-ken","2,438","1,235","1,203","1,723","984","739","1,939","1,081","858","-216","-97","-119"
"60000","All nationalities","2018000101","Jan. 2018","34000","Hiroshima-ken","4,394","2,288","2,106","2,578","1,498","1,080","2,953","1,675","1,278","-375","-177","-198"
"60000","All nationalities","2018000101","Jan. 2018","35000","Yamaguchi-ken","1,066","564","502","1,171","675","496","1,368","725","643","-197","-50","-147"
"60000","All nationalities","2018000101","Jan. 2018","36000","Tokushima-ken","844","421","423","574","327","247","715","391","324","-141","-64","-77"
"60000","All nationalities","2018000101","Jan. 2018","37000","Kagawa-ken","758","393","365","905","499","406","1,075","606","469","-170","-107","-63"
"60000","All nationalities","2018000101","Jan. 2018","38000","Ehime-ken","1,040","519","521","991","591","400","1,217","665","552","-226","-74","-152"
"60000","All nationalities","2018000101","Jan. 2018","39000","Kochi-ken","661","329","332","521","292","229","592","319","273","-71","-27","-44"
"60000","All nationalities","2018000101","Jan. 2018","40000","Fukuoka-ken","10,332","5,245","5,087","5,756","3,204","2,552","5,707","3,238","2,469","49","-34","83"
"60000","All nationalities","2018000101","Jan. 2018","41000","Saga-ken","660","356","304","878","508","370","1,010","530","480","-132","-22","-110"
"60000","All nationalities","2018000101","Jan. 2018","42000","Nagasaki-ken","1,127","551","576","1,299","708","591","1,417","734","683","-118","-26","-92"
"60000","All nationalities","2018000101","Jan. 2018","43000","Kumamoto-ken","2,835","1,387","1,448","1,642","954","688","1,626","872","754","16","82","-66"
"60000","All nationalities","2018000101","Jan. 2018","44000","Oita-ken","948","457","491","1,081","631","450","1,202","673","529","-121","-42","-79"
"60000","All nationalities","2018000101","Jan. 2018","45000","Miyazaki-ken","905","441","464","1,088","607","481","1,064","580","484","24","27","-3"
"60000","All nationalities","2018000101","Jan. 2018","46000","Kagoshima-ken","1,627","779","848","1,584","852","732","1,499","816","683","85","36","49"
"60000","All nationalities","2018000101","Jan. 2018","47000","Okinawa-ken","3,010","1,490","1,520","1,632","883","749","1,360","726","634","272","157","115"
"60000","All nationalities","2018000101","Jan. 2018","48000","Tokyo-Area","97,910","51,674","46,236","28,071","15,314","12,757","22,809","13,313","9,496","5,262","2,001","3,261"
"60000","All nationalities","2018000101","Jan. 2018","49000","Nagoya-Area","22,625","12,148","10,477","8,187","4,917","3,270","8,715","5,088","3,627","-528","-171","-357"
"60000","All nationalities","2018000101","Jan. 2018","50000","Osaka-Area","34,569","17,633","16,936","12,144","6,760","5,384","12,921","7,269","5,652","-777","-509","-268"
"60000","All nationalities","2018000101","Jan. 2018","00416","Total of 21 major cities","56,794","29,217","27,577","81,685","43,640","38,045","77,023","41,738","35,285","4,662","1,902","2,760"
"60000","All nationalities","2018000101","Jan. 2018","01100","Sapporo-shi","3,465","1,733","1,732","2,789","1,491","1,298","2,670","1,469","1,201","119","22","97"
"60000","All nationalities","2018000101","Jan. 2018","04100","Sendai-shi","1,233","584","649","2,207","1,198","1,009","2,009","1,132","877","198","66","132"
"60000","All nationalities","2018000101","Jan. 2018","11100","Saitama-shi","1,291","670","621","3,381","1,824","1,557","2,983","1,673","1,310","398","151","247"
"60000","All nationalities","2018000101","Jan. 2018","12100","Chiba-shi","824","456","368","2,243","1,222","1,021","2,127","1,183","944","116","39","77"
"60000","All nationalities","2018000101","Jan. 2018","13100","Ku-area of Tokyo","20,527","10,689","9,838","24,285","12,643","11,642","21,317","11,381","9,936","2,968","1,262","1,706"
"60000","All nationalities","2018000101","Jan. 2018","14100","Yokohama-shi","5,074","2,694","2,380","7,684","4,145","3,539","7,501","4,112","3,389","183","33","150"
"60000","All nationalities","2018000101","Jan. 2018","14130","Kawasaki-shi","1,182","659","523","5,080","2,751","2,329","4,790","2,642","2,148","290","109","181"
"60000","All nationalities","2018000101","Jan. 2018","14150","Sagamihara-shi","401","211","190","1,719","951","768","1,639","877","762","80","74","6"
"60000","All nationalities","2018000101","Jan. 2018","15100","Niigata-shi","678","311","367","828","435","393","827","455","372","1","-20","21"
"60000","All nationalities","2018000101","Jan. 2018","22100","Shizuoka-shi","476","249","227","1,031","588","443","1,029","542","487","2","46","-44"
"60000","All nationalities","2018000101","Jan. 2018","22130","Hamamatsu-shi","1,264","638","626","1,089","618","471","1,134","644","490","-45","-26","-19"
"60000","All nationalities","2018000101","Jan. 2018","23100","Nagoya-shi","3,764","1,927","1,837","5,326","3,004","2,322","5,399","3,033","2,366","-73","-29","-44"
"60000","All nationalities","2018000101","Jan. 2018","26100","Kyoto-shi","1,850","919","931","2,498","1,268","1,230","2,630","1,344","1,286","-132","-76","-56"
"60000","All nationalities","2018000101","Jan. 2018","27100","Osaka-shi","4,719","2,411","2,308","7,054","3,790","3,264","6,435","3,469","2,966","619","321","298"
"60000","All nationalities","2018000101","Jan. 2018","27140","Sakai-shi","663","331","332","1,472","752","720","1,488","814","674","-16","-62","46"
"60000","All nationalities","2018000101","Jan. 2018","28100","Kobe-shi","1,834","906","928","2,683","1,441","1,242","2,809","1,447","1,362","-126","-6","-120"
"60000","All nationalities","2018000101","Jan. 2018","33100","Okayama-shi","886","459","427","1,312","737","575","1,300","726","574","12","11","1"
"60000","All nationalities","2018000101","Jan. 2018","34100","Hiroshima-shi","1,888","952","936","2,105","1,147","958","2,141","1,162","979","-36","-15","-21"
"60000","All nationalities","2018000101","Jan. 2018","40100","Kitakyushu-shi","1,192","625","567","1,420","807","613","1,523","822","701","-103","-15","-88"
"60000","All nationalities","2018000101","Jan. 2018","40130","Fukuoka-shi","2,535","1,277","1,258","4,160","2,108","2,052","3,939","2,111","1,828","221","-3","224"
"60000","All nationalities","2018000101","Jan. 2018","43100","Kumamoto-shi","1,048","516","532","1,319","720","599","1,333","700","633","-14","20","-34"
"61000","Japanese","2018000404","Apr. 2018","00000","Japan","327,450","174,743","152,707","384,709","221,066","163,643","384,709","221,066","163,643","0","0","0"
"61000","Japanese","2018000404","Apr. 2018","01000","Hokkaido","40,302","23,767","16,535","9,977","6,251","3,726","11,103","6,584","4,519","-1,126","-333","-793"
"61000","Japanese","2018000404","Apr. 2018","02000","Aomori-ken","3,980","2,277","1,703","3,110","1,826","1,284","4,756","2,706","2,050","-1,646","-880","-766"
"61000","Japanese","2018000404","Apr. 2018","03000","Iwate-ken","3,795","2,058","1,737","3,270","1,951","1,319","4,836","2,686","2,150","-1,566","-735","-831"
"61000","Japanese","2018000404","Apr. 2018","04000","Miyagi-ken","7,552","3,869","3,683","10,255","5,970","4,285","9,591","5,737","3,854","664","233","431"
"61000","Japanese","2018000404","Apr. 2018","05000","Akita-ken","1,633","856","777","2,163","1,301","862","3,137","1,799","1,338","-974","-498","-476"
"61000","Japanese","2018000404","Apr. 2018","06000","Yamagata-ken","2,879","1,613","1,266","2,613","1,536","1,077","3,296","1,804","1,492","-683","-268","-415"
"61000","Japanese","2018000404","Apr. 2018","07000","Fukushima-ken","4,649","2,766","1,883","4,017","2,532","1,485","5,779","3,387","2,392","-1,762","-855","-907"
"61000","Japanese","2018000404","Apr. 2018","08000","Ibaraki-ken","5,796","3,159","2,637","7,356","4,488","2,868","8,297","4,794","3,503","-941","-306","-635"
"61000","Japanese","2018000404","Apr. 2018","09000","Tochigi-ken","2,512","1,325","1,187","4,596","2,729","1,867","5,363","3,026","2,337","-767","-297","-470"
"61000","Japanese","2018000404","Apr. 2018","10000","Gumma-ken","2,828","1,450","1,378","4,405","2,644","1,761","4,942","2,861","2,081","-537","-217","-320"
"61000","Japanese","2018000404","Apr. 2018","11000","Saitama-ken","13,258","6,809","6,449","23,131","12,741","10,390","19,743","11,294","8,449","3,388","1,447","1,941"
"61000","Japanese","2018000404","Apr. 2018","12000","Chiba-ken","11,590","6,082","5,508","21,777","12,438","9,339","18,455","10,903","7,552","3,322","1,535","1,787"
"61000","Japanese","2018000404","Apr. 2018","13000","Tokyo-to","36,932","18,981","17,951","62,974","33,157","29,817","47,699","27,236","20,463","15,275","5,921","9,354"
"61000","Japanese","2018000404","Apr. 2018","14000","Kanagawa-ken","20,274","10,635","9,639","31,077","17,828","13,249","26,442","15,262","11,180","4,635","2,566","2,069"
"61000","Japanese","2018000404","Apr. 2018","15000","Niigata-ken","5,021","2,592","2,429","4,307","2,642","1,665","5,670","3,245","2,425","-1,363","-603","-760"
"61000","Japanese","2018000404","Apr. 2018","16000","Toyama-ken","1,053","542","511","2,131","1,325","806","2,458","1,401","1,057","-327","-76","-251"
"61000","Japanese","2018000404","Apr. 2018","17000","Ishikawa-ken","1,887","1,008","879","3,754","2,361","1,393","3,619","2,170","1,449","135","191","-56"
"61000","Japanese","2018000404","Apr. 2018","18000","Fukui-ken","1,077","529","548","1,518","942","576","2,046","1,172","874","-528","-230","-298"
"61000","Japanese","2018000404","Apr. 2018","19000","Yamanashi-ken","1,455","721","734","2,436","1,431","1,005","2,467","1,380","1,087","-31","51","-82"
"61000","Japanese","2018000404","Apr. 2018","20000","Nagano-ken","4,401","2,294","2,107","4,398","2,524","1,874","5,252","2,931","2,321","-854","-407","-447"
"61000","Japanese","2018000404","Apr. 2018","21000","Gifu-ken","3,597","1,887","1,710","3,714","2,110","1,604","5,107","2,906","2,201","-1,393","-796","-597"
"61000","Japanese","2018000404","Apr. 2018","22000","Shizuoka-ken","7,503","4,024","3,479","8,040","5,032","3,008","9,417","5,457","3,960","-1,377","-425","-952"
"61000","Japanese","2018000404","Apr. 2018","23000","Aichi-ken","18,749","10,230","8,519","19,729","12,105","7,624","18,815","11,244","7,571","914","861","53"
"61000","Japanese","2018000404","Apr. 2018","24000","Mie-ken","3,266","1,790","1,476","4,007","2,518","1,489","5,035","2,984","2,051","-1,028","-466","-562"
"61000","Japanese","2018000404","Apr. 2018","25000","Shiga-ken","1,918","1,036","882","4,208","2,562","1,646","3,828","2,191","1,637","380","371","9"
"61000","Japanese","2018000404","Apr. 2018","26000","Kyoto-fu","5,326","2,719","2,607","9,212","5,205","4,007","8,513","4,713","3,800","699","492","207"
"61000","Japanese","2018000404","Apr. 2018","27000","Osaka-fu","20,351","10,139","10,212","24,675","13,647","11,028","24,467","13,909","10,558","208","-262","470"
"61000","Japanese","2018000404","Apr. 2018","28000","Hyogo-ken","10,627","5,530","5,097","14,020","7,890","6,130","14,894","8,299","6,595","-874","-409","-465"
"61000","Japanese","2018000404","Apr. 2018","29000","Nara-ken","1,886","935","951","3,775","1,968","1,807","4,043","2,227","1,816","-268","-259","-9"
"61000","Japanese","2018000404","Apr. 2018","30000","Wakayama-ken","1,775","1,008","767","1,784","1,018","766","2,635","1,471","1,164","-851","-453","-398"
"61000","Japanese","2018000404","Apr. 2018","31000","Tottori-ken","1,243","699","544","1,652","1,021","631","2,140","1,228","912","-488","-207","-281"
"61000","Japanese","2018000404","Apr. 2018","32000","Shimane-ken","1,939","1,099","840","2,151","1,277","874","2,462","1,382","1,080","-311","-105","-206"
"61000","Japanese","2018000404","Apr. 2018","33000","Okayama-ken","3,450","1,766","1,684","5,140","2,925","2,215","5,871","3,305","2,566","-731","-380","-351"
"61000","Japanese","2018000404","Apr. 2018","34000","Hiroshima-ken","7,216","3,840","3,376","9,509","5,719","3,790","9,530","5,507","4,023","-21","212","-233"
"61000","Japanese","2018000404","Apr. 2018","35000","Yamaguchi-ken","4,245","2,433","1,812","4,640","2,979","1,661","4,564","2,603","1,961","76","376","-300"
"61000","Japanese","2018000404","Apr. 2018","36000","Tokushima-ken","1,761","940","821","1,735","1,000","735","2,276","1,298","978","-541","-298","-243"
"61000","Japanese","2018000404","Apr. 2018","37000","Kagawa-ken","1,607","922","685","3,328","1,958","1,370","3,817","2,241","1,576","-489","-283","-206"
"61000","Japanese","2018000404","Apr. 2018","38000","Ehime-ken","3,682","2,093","1,589","3,668","2,299","1,369","4,256","2,389","1,867","-588","-90","-498"
"61000","Japanese","2018000404","Apr. 2018","39000","Kochi-ken","2,092","1,159","933","1,895","1,137","758","2,432","1,417","1,015","-537","-280","-257"
"61000","Japanese","2018000404","Apr. 2018","40000","Fukuoka-ken","16,822","8,569","8,253","19,973","11,245","8,728","18,479","10,710","7,769","1,494","535","959"
"61000","Japanese","2018000404","Apr. 2018","41000","Saga-ken","1,513","750","763","2,541","1,430","1,111","3,263","1,883","1,380","-722","-453","-269"
"61000","Japanese","2018000404","Apr. 2018","42000","Nagasaki-ken","4,237","2,382","1,855","4,381","2,646","1,735","6,008","3,391","2,617","-1,627","-745","-882"
"61000","Japanese","2018000404","Apr. 2018","43000","Kumamoto-ken","6,514","3,241","3,273","5,124","3,001","2,123","6,512","3,824","2,688","-1,388","-823","-565"
"61000","Japanese","2018000404","Apr. 2018","44000","Oita-ken","2,559","1,299","1,260","3,332","1,909","1,423","4,257","2,350","1,907","-925","-441","-484"
"61000","Japanese","2018000404","Apr. 2018","45000","Miyazaki-ken","3,805","2,100","1,705","3,427","2,037","1,390","4,806","2,755","2,051","-1,379","-718","-661"
"61000","Japanese","2018000404","Apr. 2018","46000","Kagoshima-ken","9,280","4,789","4,491","5,320","3,242","2,078","6,773","3,836","2,937","-1,453","-594","-859"
"61000","Japanese","2018000404","Apr. 2018","47000","Okinawa-ken","7,613","4,031","3,582","4,464","2,569","1,895","5,558","3,168","2,390","-1,094","-599","-495"
"61000","Japanese","2018000404","Apr. 2018","48000","Tokyo-Area","131,102","68,848","62,254","89,911","49,823","40,088","63,291","38,354","24,937","26,620","11,469","15,151"
"61000","Japanese","2018000404","Apr. 2018","49000","Nagoya-Area","31,788","17,409","14,379","21,274","13,231","8,043","22,781","13,632","9,149","-1,507","-401","-1,106"
"61000","Japanese","2018000404","Apr. 2018","50000","Osaka-Area","53,173","27,199","25,974","36,699","20,834","15,865","36,934","21,272","15,662","-235","-438","203"
"61000","Japanese","2018000404","Apr. 2018","00416","Total of 21 major cities","65,890","33,284","32,606","196,706","107,287","89,419","176,344","99,613","76,731","20,362","7,674","12,688"
"61000","Japanese","2018000404","Apr. 2018","01100","Sapporo-shi","5,259","2,602","2,657","13,559","8,071","5,488","11,929","7,210","4,719","1,630","861","769"
"61000","Japanese","2018000404","Apr. 2018","04100","Sendai-shi","2,117","1,042","1,075","9,118","5,003","4,115","8,013","4,703","3,310","1,105","300","805"
"61000","Japanese","2018000404","Apr. 2018","11100","Saitama-shi","1,685","867","818","7,466","4,187","3,279","6,221","3,493","2,728","1,245","694","551"
"61000","Japanese","2018000404","Apr. 2018","12100","Chiba-shi","1,027","525","502","4,503","2,471","2,032","4,332","2,471","1,861","171","0","171"
"61000","Japanese","2018000404","Apr. 2018","13100","Ku-area of Tokyo","20,949","10,667","10,282","50,333","26,251","24,082","40,558","22,750","17,808","9,775","3,501","6,274"
"61000","Japanese","2018000404","Apr. 2018","14100","Yokohama-shi","6,247","3,201","3,046","16,102","8,880","7,222","14,048","7,869","6,179","2,054","1,011","1,043"
"61000","Japanese","2018000404","Apr. 2018","14130","Kawasaki-shi","1,348","688","660","9,166","4,871","4,295","8,133","4,486","3,647","1,033","385","648"
"61000","Japanese","2018000404","Apr. 2018","14150","Sagamihara-shi","440","215","225","2,886","1,533","1,353","2,750","1,503","1,247","136","30","106"
"61000","Japanese","2018000404","Apr. 2018","15100","Niigata-shi","995","498","497","3,517","1,992","1,525","3,540","2,013","1,527","-23","-21","-2"
"61000","Japanese","2018000404","Apr. 2018","22100","Shizuoka-shi","587","288","299","2,724","1,619","1,105","2,978","1,705","1,273","-254","-86","-168"
"61000","Japanese","2018000404","Apr. 2018","22130","Hamamatsu-shi","1,228","620","608","2,462","1,455","1,007","2,816","1,669","1,147","-354","-214","-140"
"61000","Japanese","2018000404","Apr. 2018","23100","Nagoya-shi","4,422","2,278","2,144","12,871","7,260","5,611","12,504","7,231","5,273","367","29","338"
"61000","Japanese","2018000404","Apr. 2018","26100","Kyoto-shi","2,450","1,236","1,214","6,669","3,467","3,202","6,045","3,242","2,803","624","225","399"
"61000","Japanese","2018000404","Apr. 2018","27100","Osaka-shi","4,951","2,517","2,434","13,250","7,035","6,215","11,744","6,386","5,358","1,506","649","857"
"61000","Japanese","2018000404","Apr. 2018","27140","Sakai-shi","867","426","441","2,664","1,407","1,257","3,231","1,763","1,468","-567","-356","-211"
"61000","Japanese","2018000404","Apr. 2018","28100","Kobe-shi","2,085","1,042","1,043","5,713","3,046","2,667","5,975","3,271","2,704","-262","-225","-37"
"61000","Japanese","2018000404","Apr. 2018","33100","Okayama-shi","837","426","411","3,779","2,091","1,688","3,753","2,135","1,618","26","-44","70"
"61000","Japanese","2018000404","Apr. 2018","34100","Hiroshima-shi","2,045","998","1,047","7,296","4,177","3,119","6,962","4,063","2,899","334","114","220"
"61000","Japanese","2018000404","Apr. 2018","40100","Kitakyushu-shi","1,576","829","747","4,542","2,587","1,955","4,479","2,516","1,963","63","71","-8"
"61000","Japanese","2018000404","Apr. 2018","40130","Fukuoka-shi","3,166","1,549","1,617","13,262","7,205","6,057","11,410","6,342","5,068","1,852","863","989"
"61000","Japanese","2018000404","Apr. 2018","43100","Kumamoto-shi","1,609","770","839","4,824","2,679","2,145","4,923","2,792","2,131","-99","-113","14"
"61000","Japanese","2018000303","Mar. 2018","00000","Japan","393,973","199,023","194,950","466,134","248,519","217,615","466,134","248,519","217,615","0","0","0"
"61000","Japanese","2018000303","Mar. 2018","01000","Hokkaido","32,213","16,303","15,910","8,978","5,122","3,856","13,635","7,661","5,974","-4,657","-2,539","-2,118"
"61000","Japanese","2018000303","Mar. 2018","02000","Aomori-ken","2,709","1,354","1,355","3,379","1,964","1,415","6,748","3,421","3,327","-3,369","-1,457","-1,912"
"61000","Japanese","2018000303","Mar. 2018","03000","Iwate-ken","3,503","1,722","1,781","3,034","1,692","1,342","5,667","2,836","2,831","-2,633","-1,144","-1,489"
"61000","Japanese","2018000303","Mar. 2018","04000","Miyagi-ken","7,929","3,858","4,071","9,707","5,145","4,562","11,103","6,010","5,093","-1,396","-865","-531"
"61000","Japanese","2018000303","Mar. 2018","05000","Akita-ken","2,331","1,284","1,047","1,942","1,077","865","4,385","2,113","2,272","-2,443","-1,036","-1,407"
"61000","Japanese","2018000303","Mar. 2018","06000","Yamagata-ken","2,545","1,280","1,265","2,490","1,368","1,122","4,591","2,223","2,368","-2,101","-855","-1,246"
"61000","Japanese","2018000303","Mar. 2018","07000","Fukushima-ken","5,704","2,993","2,711","4,469","2,555","1,914","7,496","3,815","3,681","-3,027","-1,260","-1,767"
"61000","Japanese","2018000303","Mar. 2018","08000","Ibaraki-ken","6,766","3,455","3,311","8,456","4,826","3,630","11,057","5,927","5,130","-2,601","-1,101","-1,500"
"61000","Japanese","2018000303","Mar. 2018","09000","Tochigi-ken","4,141","2,097","2,044","5,870","3,267","2,603","7,734","4,061","3,673","-1,864","-794","-1,070"
"61000","Japanese","2018000303","Mar. 2018","10000","Gumma-ken","4,314","2,240","2,074","4,877","2,833","2,044","6,851","3,662","3,189","-1,974","-829","-1,145"
"61000","Japanese","2018000303","Mar. 2018","11000","Saitama-ken","17,857","9,064","8,793","31,181","16,414","14,767","24,808","13,325","11,483","6,373","3,089","3,284"
"61000","Japanese","2018000303","Mar. 2018","12000","Chiba-ken","16,980","8,608","8,372","29,080","15,440","13,640","23,131","12,536","10,595","5,949","2,904","3,045"
"61000","Japanese","2018000303","Mar. 2018","13000","Tokyo-to","48,988","24,399","24,589","92,204","46,562","45,642","52,345","28,307","24,038","39,859","18,255","21,604"
"61000","Japanese","2018000303","Mar. 2018","14000","Kanagawa-ken","27,590","13,952","13,638","46,024","24,658","21,366","32,592","17,638","14,954","13,432","7,020","6,412"
"61000","Japanese","2018000303","Mar. 2018","15000","Niigata-ken","6,712","3,442","3,270","4,199","2,365","1,834","7,384","3,776","3,608","-3,185","-1,411","-1,774"
"61000","Japanese","2018000303","Mar. 2018","16000","Toyama-ken","1,776","991","785","2,395","1,409","986","2,987","1,604","1,383","-592","-195","-397"
"61000","Japanese","2018000303","Mar. 2018","17000","Ishikawa-ken","2,421","1,257","1,164","3,513","2,080","1,433","4,474","2,585","1,889","-961","-505","-456"
"61000","Japanese","2018000303","Mar. 2018","18000","Fukui-ken","1,613","926","687","1,694","992","702","2,493","1,313","1,180","-799","-321","-478"
"61000","Japanese","2018000303","Mar. 2018","19000","Yamanashi-ken","2,432","1,305","1,127","2,294","1,300","994","3,642","1,813","1,829","-1,348","-513","-835"
"61000","Japanese","2018000303","Mar. 2018","20000","Nagano-ken","8,145","4,241","3,904","5,211","2,988","2,223","7,324","3,737","3,587","-2,113","-749","-1,364"
"61000","Japanese","2018000303","Mar. 2018","21000","Gifu-ken","4,497","2,300","2,197","4,819","2,718","2,101","6,569","3,417","3,152","-1,750","-699","-1,051"
"61000","Japanese","2018000303","Mar. 2018","22000","Shizuoka-ken","10,968","5,665","5,303","10,135","5,824","4,311","13,563","7,374","6,189","-3,428","-1,550","-1,878"
"61000","Japanese","2018000303","Mar. 2018","23000","Aichi-ken","27,166","14,155","13,011","22,965","13,063","9,902","21,545","11,964","9,581","1,420","1,099","321"
"61000","Japanese","2018000303","Mar. 2018","24000","Mie-ken","3,833","1,996","1,837","4,910","2,802","2,108","6,368","3,455","2,913","-1,458","-653","-805"
"61000","Japanese","2018000303","Mar. 2018","25000","Shiga-ken","2,914","1,560","1,354","4,774","2,645","2,129","5,267","2,940","2,327","-493","-295","-198"
"61000","Japanese","2018000303","Mar. 2018","26000","Kyoto-fu","6,974","3,511","3,463","11,148","5,725","5,423","11,558","6,271","5,287","-410","-546","136"
"61000","Japanese","2018000303","Mar. 2018","27000","Osaka-fu","26,469","13,116","13,353","30,324","15,039","15,285","27,722","15,058","12,664","2,602","-19","2,621"
"61000","Japanese","2018000303","Mar. 2018","28000","Hyogo-ken","14,150","6,924","7,226","17,154","8,816","8,338","18,915","10,152","8,763","-1,761","-1,336","-425"
"61000","Japanese","2018000303","Mar. 2018","29000","Nara-ken","2,195","1,036","1,159","4,304","2,177","2,127","5,003","2,657","2,346","-699","-480","-219"
"61000","Japanese","2018000303","Mar. 2018","30000","Wakayama-ken","1,723","877","846","1,986","1,084","902","3,096","1,571","1,525","-1,110","-487","-623"
"61000","Japanese","2018000303","Mar. 2018","31000","Tottori-ken","1,038","523","515","1,571","867","704","2,596","1,389","1,207","-1,025","-522","-503"
"61000","Japanese","2018000303","Mar. 2018","32000","Shimane-ken","1,947","1,069","878","2,018","1,070","948","2,837","1,430","1,407","-819","-360","-459"
"61000","Japanese","2018000303","Mar. 2018","33000","Okayama-ken","5,865","2,974","2,891","5,767","3,122","2,645","6,946","3,605","3,341","-1,179","-483","-696"
"61000","Japanese","2018000303","Mar. 2018","34000","Hiroshima-ken","9,317","4,716","4,601","9,399","5,234","4,165","10,749","5,862","4,887","-1,350","-628","-722"
"61000","Japanese","2018000303","Mar. 2018","35000","Yamaguchi-ken","3,005","1,604","1,401","3,717","2,142","1,575","5,407","2,865","2,542","-1,690","-723","-967"
"61000","Japanese","2018000303","Mar. 2018","36000","Tokushima-ken","1,694","840","854","1,686","932","754","2,697","1,320","1,377","-1,011","-388","-623"
"61000","Japanese","2018000303","Mar. 2018","37000","Kagawa-ken","2,094","999","1,095","3,703","2,097","1,606","4,197","2,173","2,024","-494","-76","-418"
"61000","Japanese","2018000303","Mar. 2018","38000","Ehime-ken","3,105","1,569","1,536","3,431","1,853","1,578","5,039","2,562","2,477","-1,608","-709","-899"
"61000","Japanese","2018000303","Mar. 2018","39000","Kochi-ken","2,025","1,066","959","1,680","885","795","2,944","1,476","1,468","-1,264","-591","-673"
"61000","Japanese","2018000303","Mar. 2018","40000","Fukuoka-ken","22,160","10,681","11,479","20,891","10,734","10,157","20,377","11,000","9,377","514","-266","780"
"61000","Japanese","2018000303","Mar. 2018","41000","Saga-ken","1,891","962","929","3,025","1,602","1,423","3,908","1,970","1,938","-883","-368","-515"
"61000","Japanese","2018000303","Mar. 2018","42000","Nagasaki-ken","5,670","2,967","2,703","4,856","2,708","2,148","7,250","3,641","3,609","-2,394","-933","-1,461"
"61000","Japanese","2018000303","Mar. 2018","43000","Kumamoto-ken","6,656","3,254","3,402","5,135","2,819","2,316","7,548","3,905","3,643","-2,413","-1,086","-1,327"
"61000","Japanese","2018000303","Mar. 2018","44000","Oita-ken","3,204","1,680","1,524","3,222","1,771","1,451","4,808","2,509","2,299","-1,586","-738","-848"
"61000","Japanese","2018000303","Mar. 2018","45000","Miyazaki-ken","3,082","1,588","1,494","3,280","1,768","1,512","5,166","2,638","2,528","-1,886","-870","-1,016"
"61000","Japanese","2018000303","Mar. 2018","46000","Kagoshima-ken","6,524","3,184","3,340","4,753","2,575","2,178","7,249","3,632","3,617","-2,496","-1,057","-1,439"
"61000","Japanese","2018000303","Mar. 2018","47000","Okinawa-ken","7,138","3,436","3,702","4,484","2,390","2,094","6,363","3,320","3,043","-1,879","-930","-949"
"61000","Japanese","2018000303","Mar. 2018","48000","Tokyo-Area","181,789","92,580","89,209","128,115","66,517","61,598","62,502","35,249","27,253","65,613","31,268","34,345"
"61000","Japanese","2018000303","Mar. 2018","49000","Nagoya-Area","43,919","22,922","20,997","24,271","14,112","10,159","26,059","14,365","11,694","-1,788","-253","-1,535"
"61000","Japanese","2018000303","Mar. 2018","50000","Osaka-Area","69,877","34,652","35,225","42,841","21,692","21,149","43,109","24,073","19,036","-268","-2,381","2,113"
"61000","Japanese","2018000303","Mar. 2018","00416","Total of 21 major cities","87,764","43,398","44,366","255,134","130,044","125,090","198,643","105,593","93,050","56,491","24,451","32,040"
"61000","Japanese","2018000303","Mar. 2018","01100","Sapporo-shi","6,807","3,215","3,592","12,915","6,538","6,377","10,682","5,793","4,889","2,233","745","1,488"
"61000","Japanese","2018000303","Mar. 2018","04100","Sendai-shi","2,665","1,291","1,374","8,765","4,383","4,382","8,735","4,623","4,112","30","-240","270"
"61000","Japanese","2018000303","Mar. 2018","11100","Saitama-shi","2,077","1,053","1,024","9,733","5,140","4,593","6,981","3,772","3,209","2,752","1,368","1,384"
"61000","Japanese","2018000303","Mar. 2018","12100","Chiba-shi","1,365","698","667","6,819","3,546","3,273","5,388","2,858","2,530","1,431","688","743"
"61000","Japanese","2018000303","Mar. 2018","13100","Ku-area of Tokyo","28,387","14,097","14,290","76,319","38,229","38,090","43,149","22,956","20,193","33,170","15,273","17,897"
"61000","Japanese","2018000303","Mar. 2018","14100","Yokohama-shi","8,194","4,082","4,112","23,647","12,388","11,259","17,625","9,271","8,354","6,022","3,117","2,905"
"61000","Japanese","2018000303","Mar. 2018","14130","Kawasaki-shi","1,861","950","911","14,949","8,004","6,945","9,796","5,184","4,612","5,153","2,820","2,333"
"61000","Japanese","2018000303","Mar. 2018","14150","Sagamihara-shi","529","265","264","4,290","2,160","2,130","3,821","2,007","1,814","469","153","316"
"61000","Japanese","2018000303","Mar. 2018","15100","Niigata-shi","1,532","732","800","3,823","1,979","1,844","4,249","2,255","1,994","-426","-276","-150"
"61000","Japanese","2018000303","Mar. 2018","22100","Shizuoka-shi","856","435","421","3,489","1,866","1,623","3,813","2,075","1,738","-324","-209","-115"
"61000","Japanese","2018000303","Mar. 2018","22130","Hamamatsu-shi","1,704","864","840","3,214","1,813","1,401","3,968","2,160","1,808","-754","-347","-407"
"61000","Japanese","2018000303","Mar. 2018","23100","Nagoya-shi","6,073","3,098","2,975","15,121","7,861","7,260","13,878","7,424","6,454","1,243","437","806"
"61000","Japanese","2018000303","Mar. 2018","26100","Kyoto-shi","2,988","1,511","1,477","8,762","4,369","4,393","8,108","4,256","3,852","654","113","541"
"61000","Japanese","2018000303","Mar. 2018","27100","Osaka-shi","6,487","3,263","3,224","17,124","8,437","8,687","12,921","6,812","6,109","4,203","1,625","2,578"
"61000","Japanese","2018000303","Mar. 2018","27140","Sakai-shi","1,151","572","579","3,525","1,802","1,723","3,813","2,000","1,813","-288","-198","-90"
"61000","Japanese","2018000303","Mar. 2018","28100","Kobe-shi","2,814","1,345","1,469","7,594","3,691","3,903","7,339","3,936","3,403","255","-245","500"
"61000","Japanese","2018000303","Mar. 2018","33100","Okayama-shi","1,285","656","629","4,495","2,334","2,161","4,586","2,418","2,168","-91","-84","-7"
"61000","Japanese","2018000303","Mar. 2018","34100","Hiroshima-shi","2,919","1,436","1,483","7,195","3,806","3,389","7,108","3,846","3,262","87","-40","127"
"61000","Japanese","2018000303","Mar. 2018","40100","Kitakyushu-shi","1,937","943","994","4,743","2,577","2,166","5,448","2,897","2,551","-705","-320","-385"
"61000","Japanese","2018000303","Mar. 2018","40130","Fukuoka-shi","4,403","2,101","2,302","13,797","6,559","7,238","11,900","6,218","5,682","1,897","341","1,556"
"61000","Japanese","2018000303","Mar. 2018","43100","Kumamoto-shi","1,730","791","939","4,815","2,562","2,253","5,335","2,832","2,503","-520","-270","-250"
"61000","Japanese","2018000202","Feb. 2018","00000","Japan","189,558","96,829","92,729","138,017","74,490","63,527","138,017","74,490","63,527","0","0","0"
"61000","Japanese","2018000202","Feb. 2018","01000","Hokkaido","10,360","5,137","5,223","2,176","1,263","913","2,858","1,625","1,233","-682","-362","-320"
"61000","Japanese","2018000202","Feb. 2018","02000","Aomori-ken","808","384","424","811","494","317","1,044","562","482","-233","-68","-165"
"61000","Japanese","2018000202","Feb. 2018","03000","Iwate-ken","995","504","491","834","482","352","980","491","489","-146","-9","-137"
"61000","Japanese","2018000202","Feb. 2018","04000","Miyagi-ken","3,927","1,952","1,975","2,242","1,263","979","2,337","1,322","1,015","-95","-59","-36"
"61000","Japanese","2018000202","Feb. 2018","05000","Akita-ken","386","181","205","551","317","234","674","344","330","-123","-27","-96"
"61000","Japanese","2018000202","Feb. 2018","06000","Yamagata-ken","836","428","408","631","342","289","803","428","375","-172","-86","-86"
"61000","Japanese","2018000202","Feb. 2018","07000","Fukushima-ken","1,658","936","722","1,295","767","528","1,781","975","806","-486","-208","-278"
"61000","Japanese","2018000202","Feb. 2018","08000","Ibaraki-ken","3,163","1,648","1,515","2,783","1,552","1,231","2,900","1,574","1,326","-117","-22","-95"
"61000","Japanese","2018000202","Feb. 2018","09000","Tochigi-ken","1,774","896","878","1,791","1,010","781","2,010","1,081","929","-219","-71","-148"
"61000","Japanese","2018000202","Feb. 2018","10000","Gumma-ken","1,959","986","973","1,678","962","716","1,854","1,039","815","-176","-77","-99"
"61000","Japanese","2018000202","Feb. 2018","11000","Saitama-ken","10,564","5,409","5,155","10,665","5,694","4,971","9,588","5,234","4,354","1,077","460","617"
"61000","Japanese","2018000202","Feb. 2018","12000","Chiba-ken","9,756","5,216","4,540","9,341","5,033","4,308","8,574","4,651","3,923","767","382","385"
"61000","Japanese","2018000202","Feb. 2018","13000","Tokyo-to","30,918","15,869","15,049","27,119","13,973","13,146","23,873","12,757","11,116","3,246","1,216","2,030"
"61000","Japanese","2018000202","Feb. 2018","14000","Kanagawa-ken","17,099","8,811","8,288","13,509","7,159","6,350","13,005","7,055","5,950","504","104","400"
"61000","Japanese","2018000202","Feb. 2018","15000","Niigata-ken","2,116","1,081","1,035","1,005","595","410","1,371","713","658","-366","-118","-248"
"61000","Japanese","2018000202","Feb. 2018","16000","Toyama-ken","663","330","333","665","389","276","686","382","304","-21","7","-28"
"61000","Japanese","2018000202","Feb. 2018","17000","Ishikawa-ken","864","437","427","831","463","368","1,088","647","441","-257","-184","-73"
"61000","Japanese","2018000202","Feb. 2018","18000","Fukui-ken","442","220","222","483","258","225","550","306","244","-67","-48","-19"
"61000","Japanese","2018000202","Feb. 2018","19000","Yamanashi-ken","1,088","560","528","735","380","355","1,022","578","444","-287","-198","-89"
"61000","Japanese","2018000202","Feb. 2018","20000","Nagano-ken","2,160","1,039","1,121","1,471","834","637","1,579","817","762","-108","17","-125"
"61000","Japanese","2018000202","Feb. 2018","21000","Gifu-ken","1,869","922","947","1,658","912","746","1,856","985","871","-198","-73","-125"
"61000","Japanese","2018000202","Feb. 2018","22000","Shizuoka-ken","5,119","2,671","2,448","2,920","1,662","1,258","3,245","1,757","1,488","-325","-95","-230"
"61000","Japanese","2018000202","Feb. 2018","23000","Aichi-ken","14,377","7,691","6,686","6,456","3,700","2,756","6,165","3,583","2,582","291","117","174"
"61000","Japanese","2018000202","Feb. 2018","24000","Mie-ken","1,493","745","748","1,545","922","623","1,922","1,074","848","-377","-152","-225"
"61000","Japanese","2018000202","Feb. 2018","25000","Shiga-ken","1,468","748","720","1,510","817","693","1,530","880","650","-20","-63","43"
"61000","Japanese","2018000202","Feb. 2018","26000","Kyoto-fu","3,810","1,883","1,927","3,136","1,587","1,549","3,564","1,825","1,739","-428","-238","-190"
"61000","Japanese","2018000202","Feb. 2018","27000","Osaka-fu","16,277","8,280","7,997","9,664","5,012","4,652","9,407","4,990","4,417","257","22","235"
"61000","Japanese","2018000202","Feb. 2018","28000","Hyogo-ken","7,334","3,636","3,698","5,358","2,814","2,544","5,408","2,865","2,543","-50","-51","1"
"61000","Japanese","2018000202","Feb. 2018","29000","Nara-ken","1,365","711","654","1,497","758","739","2,099","1,043","1,056","-602","-285","-317"
"61000","Japanese","2018000202","Feb. 2018","30000","Wakayama-ken","706","344","362","706","387","319","832","433","399","-126","-46","-80"
"61000","Japanese","2018000202","Feb. 2018","31000","Tottori-ken","366","179","187","449","247","202","510","266","244","-61","-19","-42"
"61000","Japanese","2018000202","Feb. 2018","32000","Shimane-ken","364","206","158","589","318","271","559","329","230","30","-11","41"
"61000","Japanese","2018000202","Feb. 2018","33000","Okayama-ken","2,505","1,233","1,272","1,541","840","701","1,732","918","814","-191","-78","-113"
"61000","Japanese","2018000202","Feb. 2018","34000","Hiroshima-ken","4,160","2,178","1,982","2,536","1,448","1,088","2,574","1,414","1,160","-38","34","-72"
"61000","Japanese","2018000202","Feb. 2018","35000","Yamaguchi-ken","1,195","596","599","1,179","675","504","1,383","734","649","-204","-59","-145"
"61000","Japanese","2018000202","Feb. 2018","36000","Tokushima-ken","778","377","401","596","357","239","564","299","265","32","58","-26"
"61000","Japanese","2018000202","Feb. 2018","37000","Kagawa-ken","871","451","420","892","486","406","1,010","541","469","-118","-55","-63"
"61000","Japanese","2018000202","Feb. 2018","38000","Ehime-ken","1,159","617","542","984","590","394","1,235","683","552","-251","-93","-158"
"61000","Japanese","2018000202","Feb. 2018","39000","Kochi-ken","725","360","365","480","247","233","527","290","237","-47","-43","-4"
"61000","Japanese","2018000202","Feb. 2018","40000","Fukuoka-ken","11,103","5,551","5,552","5,513","2,897","2,616","4,937","2,653","2,284","576","244","332"
"61000","Japanese","2018000202","Feb. 2018","41000","Saga-ken","669","315","354","965","531","434","944","472","472","21","59","-38"
"61000","Japanese","2018000202","Feb. 2018","42000","Nagasaki-ken","1,071","539","532","1,063","625","438","1,362","711","651","-299","-86","-213"
"61000","Japanese","2018000202","Feb. 2018","43000","Kumamoto-ken","2,737","1,337","1,400","1,439","832","607","1,496","767","729","-57","65","-122"
"61000","Japanese","2018000202","Feb. 2018","44000","Oita-ken","939","471","468","952","536","416","1,110","570","540","-158","-34","-124"
"61000","Japanese","2018000202","Feb. 2018","45000","Miyazaki-ken","932","502","430","953","523","430","972","532","440","-19","-9","-10"
"61000","Japanese","2018000202","Feb. 2018","46000","Kagoshima-ken","1,822","899","923","1,392","779","613","1,338","688","650","54","91","-37"
"61000","Japanese","2018000202","Feb. 2018","47000","Okinawa-ken","2,808","1,363","1,445","1,428","758","670","1,159","607","552","269","151","118"
"61000","Japanese","2018000202","Feb. 2018","48000","Tokyo-Area","102,864","53,416","49,448","26,107","13,748","12,359","20,513","11,586","8,927","5,594","2,162","3,432"
"61000","Japanese","2018000202","Feb. 2018","49000","Nagoya-Area","20,753","10,973","9,780","6,645","3,919","2,726","6,929","4,027","2,902","-284","-108","-176"
"61000","Japanese","2018000202","Feb. 2018","50000","Osaka-Area","37,499","18,826","18,673","10,942","5,855","5,087","11,765","6,407","5,358","-823","-552","-271"
"61000","Japanese","2018000202","Feb. 2018","00416","Total of 21 major cities","58,220","29,339","28,881","82,493","42,961","39,532","77,570","41,232","36,338","4,923","1,729","3,194"
"61000","Japanese","2018000202","Feb. 2018","01100","Sapporo-shi","3,959","1,883","2,076","3,124","1,612","1,512","2,754","1,459","1,295","370","153","217"
"61000","Japanese","2018000202","Feb. 2018","04100","Sendai-shi","1,599","768","831","2,200","1,160","1,040","2,131","1,176","955","69","-16","85"
"61000","Japanese","2018000202","Feb. 2018","11100","Saitama-shi","1,483","745","738","3,618","1,865","1,753","3,139","1,679","1,460","479","186","293"
"61000","Japanese","2018000202","Feb. 2018","12100","Chiba-shi","945","522","423","2,411","1,323","1,088","2,350","1,288","1,062","61","35","26"
"61000","Japanese","2018000202","Feb. 2018","13100","Ku-area of Tokyo","19,399","9,962","9,437","24,546","12,594","11,952","21,600","11,372","10,228","2,946","1,222","1,724"
"61000","Japanese","2018000202","Feb. 2018","14100","Yokohama-shi","5,271","2,663","2,608","7,697","4,110","3,587","8,026","4,255","3,771","-329","-145","-184"
"61000","Japanese","2018000202","Feb. 2018","14130","Kawasaki-shi","1,340","733","607","5,425","2,844","2,581","5,116","2,775","2,341","309","69","240"
"61000","Japanese","2018000202","Feb. 2018","14150","Sagamihara-shi","422","211","211","1,872","970","902","1,661","866","795","211","104","107"
"61000","Japanese","2018000202","Feb. 2018","15100","Niigata-shi","802","412","390","812","449","363","935","500","435","-123","-51","-72"
"61000","Japanese","2018000202","Feb. 2018","22100","Shizuoka-shi","580","294","286","887","499","388","950","530","420","-63","-31","-32"
"61000","Japanese","2018000202","Feb. 2018","22130","Hamamatsu-shi","1,125","564","561","1,003","585","418","1,005","547","458","-2","38","-40"
"61000","Japanese","2018000202","Feb. 2018","23100","Nagoya-shi","3,832","1,972","1,860","4,975","2,658","2,317","4,820","2,697","2,123","155","-39","194"
"61000","Japanese","2018000202","Feb. 2018","26100","Kyoto-shi","2,201","1,054","1,147","2,494","1,243","1,251","2,886","1,445","1,441","-392","-202","-190"
"61000","Japanese","2018000202","Feb. 2018","27100","Osaka-shi","4,630","2,304","2,326","7,085","3,650","3,435","6,241","3,307","2,934","844","343","501"
"61000","Japanese","2018000202","Feb. 2018","27140","Sakai-shi","807","394","413","1,460","785","675","1,568","827","741","-108","-42","-66"
"61000","Japanese","2018000202","Feb. 2018","28100","Kobe-shi","1,946","904","1,042","2,646","1,369","1,277","2,568","1,334","1,234","78","35","43"
"61000","Japanese","2018000202","Feb. 2018","33100","Okayama-shi","841","423","418","1,293","663","630","1,293","686","607","0","-23","23"
"61000","Japanese","2018000202","Feb. 2018","34100","Hiroshima-shi","1,852","973","879","2,053","1,103","950","1,919","1,021","898","134","82","52"
"61000","Japanese","2018000202","Feb. 2018","40100","Kitakyushu-shi","1,136","578","558","1,436","746","690","1,477","784","693","-41","-38","-3"
"61000","Japanese","2018000202","Feb. 2018","40130","Fukuoka-shi","3,000","1,471","1,529","4,190","2,065","2,125","3,806","2,005","1,801","384","60","324"
"61000","Japanese","2018000202","Feb. 2018","43100","Kumamoto-shi","1,050","509","541","1,266","668","598","1,325","679","646","-59","-11","-48"
"61000","Japanese","2018000101","Jan. 2018","00000","Japan","166,458","85,422","81,036","130,059","71,621","58,438","130,059","71,621","58,438","0","0","0"
"61000","Japanese","2018000101","Jan. 2018","01000","Hokkaido","8,891","4,566","4,325","2,262","1,355","907","2,723","1,537","1,186","-461","-182","-279"
"61000","Japanese","2018000101","Jan. 2018","02000","Aomori-ken","813","384","429","802","483","319","1,014","577","437","-212","-94","-118"
"61000","Japanese","2018000101","Jan. 2018","03000","Iwate-ken","912","465","447","857","485","372","967","524","443","-110","-39","-71"
"61000","Japanese","2018000101","Jan. 2018","04000","Miyagi-ken","3,187","1,577","1,610","2,245","1,308","937","2,191","1,259","932","54","49","5"
"61000","Japanese","2018000101","Jan. 2018","05000","Akita-ken","463","218","245","506","310","196","689","354","335","-183","-44","-139"
"61000","Japanese","2018000101","Jan. 2018","06000","Yamagata-ken","704","348","356","557","315","242","694","360","334","-137","-45","-92"
"61000","Japanese","2018000101","Jan. 2018","07000","Fukushima-ken","1,469","733","736","1,304","810","494","1,563","882","681","-259","-72","-187"
"61000","Japanese","2018000101","Jan. 2018","08000","Ibaraki-ken","2,981","1,561","1,420","2,640","1,522","1,118","2,736","1,507","1,229","-96","15","-111"
"61000","Japanese","2018000101","Jan. 2018","09000","Tochigi-ken","1,660","837","823","1,846","1,082","764","1,921","1,081","840","-75","1","-76"
"61000","Japanese","2018000101","Jan. 2018","10000","Gumma-ken","1,805","933","872","1,624","946","678","1,620","924","696","4","22","-18"
"61000","Japanese","2018000101","Jan. 2018","11000","Saitama-ken","9,170","4,730","4,440","9,516","5,114","4,402","8,752","4,770","3,982","764","344","420"
"61000","Japanese","2018000101","Jan. 2018","12000","Chiba-ken","7,624","4,015","3,609","8,447","4,558","3,889","7,983","4,497","3,486","464","61","403"
"61000","Japanese","2018000101","Jan. 2018","13000","Tokyo-to","26,279","13,434","12,845","24,582","12,760","11,822","21,377","11,528","9,849","3,205","1,232","1,973"
"61000","Japanese","2018000101","Jan. 2018","14000","Kanagawa-ken","14,302","7,684","6,618","12,287","6,644","5,643","11,756","6,469","5,287","531","175","356"
"61000","Japanese","2018000101","Jan. 2018","15000","Niigata-ken","1,777","856","921","991","572","419","1,320","734","586","-329","-162","-167"
"61000","Japanese","2018000101","Jan. 2018","16000","Toyama-ken","608","303","305","623","374","249","694","392","302","-71","-18","-53"
"61000","Japanese","2018000101","Jan. 2018","17000","Ishikawa-ken","919","449","470","830","489","341","945","561","384","-115","-72","-43"
"61000","Japanese","2018000101","Jan. 2018","18000","Fukui-ken","457","237","220","466","275","191","537","278","259","-71","-3","-68"
"61000","Japanese","2018000101","Jan. 2018","19000","Yamanashi-ken","893","438","455","708","389","319","716","412","304","-8","-23","15"
"61000","Japanese","2018000101","Jan. 2018","20000","Nagano-ken","1,946","973","973","1,377","769","608","1,546","818","728","-169","-49","-120"
"61000","Japanese","2018000101","Jan. 2018","21000","Gifu-ken","1,835","903","932","1,470","813","657","1,797","940","857","-327","-127","-200"
"61000","Japanese","2018000101","Jan. 2018","22000","Shizuoka-ken","4,783","2,505","2,278","2,787","1,649","1,138","3,055","1,675","1,380","-268","-26","-242"
"61000","Japanese","2018000101","Jan. 2018","23000","Aichi-ken","13,125","7,030","6,095","6,429","3,722","2,707","6,520","3,874","2,646","-91","-152","61"
"61000","Japanese","2018000101","Jan. 2018","24000","Mie-ken","1,537","812","725","1,597","992","605","1,762","1,003","759","-165","-11","-154"
"61000","Japanese","2018000101","Jan. 2018","25000","Shiga-ken","1,222","661","561","1,433","828","605","1,504","845","659","-71","-17","-54"
"61000","Japanese","2018000101","Jan. 2018","26000","Kyoto-fu","3,020","1,537","1,483","3,009","1,535","1,474","3,220","1,686","1,534","-211","-151","-60"
"61000","Japanese","2018000101","Jan. 2018","27000","Osaka-fu","13,947","7,062","6,885","9,115","4,891","4,224","8,871","4,871","4,000","244","20","224"
"61000","Japanese","2018000101","Jan. 2018","28000","Hyogo-ken","6,472","3,295","3,177","5,179","2,815","2,364","5,480","2,953","2,527","-301","-138","-163"
"61000","Japanese","2018000101","Jan. 2018","29000","Nara-ken","1,182","592","590","1,323","701","622","1,541","794","747","-218","-93","-125"
"61000","Japanese","2018000101","Jan. 2018","30000","Wakayama-ken","691","328","363","639","354","285","839","421","418","-200","-67","-133"
"61000","Japanese","2018000101","Jan. 2018","31000","Tottori-ken","349","158","191","369","207","162","468","255","213","-99","-48","-51"
"61000","Japanese","2018000101","Jan. 2018","32000","Shimane-ken","331","181","150","456","242","214","494","263","231","-38","-21","-17"
"61000","Japanese","2018000101","Jan. 2018","33000","Okayama-ken","2,312","1,169","1,143","1,594","901","693","1,708","942","766","-114","-41","-73"
"61000","Japanese","2018000101","Jan. 2018","34000","Hiroshima-ken","4,081","2,105","1,976","2,371","1,379","992","2,573","1,464","1,109","-202","-85","-117"
"61000","Japanese","2018000101","Jan. 2018","35000","Yamaguchi-ken","1,050","555","495","1,051","616","435","1,272","684","588","-221","-68","-153"
"61000","Japanese","2018000101","Jan. 2018","36000","Tokushima-ken","770","380","390","546","305","241","675","380","295","-129","-75","-54"
"61000","Japanese","2018000101","Jan. 2018","37000","Kagawa-ken","720","367","353","843","468","375","953","528","425","-110","-60","-50"
"61000","Japanese","2018000101","Jan. 2018","38000","Ehime-ken","995","500","495","936","557","379","1,131","623","508","-195","-66","-129"
"61000","Japanese","2018000101","Jan. 2018","39000","Kochi-ken","649","319","330","506","282","224","563","307","256","-57","-25","-32"
"61000","Japanese","2018000101","Jan. 2018","40000","Fukuoka-ken","9,746","4,875","4,871","5,453","3,020","2,433","5,248","2,984","2,264","205","36","169"
"61000","Japanese","2018000101","Jan. 2018","41000","Saga-ken","658","355","303","836","481","355","948","502","446","-112","-21","-91"
"61000","Japanese","2018000101","Jan. 2018","42000","Nagasaki-ken","1,100","548","552","1,224","678","546","1,353","710","643","-129","-32","-97"
"61000","Japanese","2018000101","Jan. 2018","43000","Kumamoto-ken","2,747","1,353","1,394","1,493","883","610","1,484","813","671","9","70","-61"
"61000","Japanese","2018000101","Jan. 2018","44000","Oita-ken","907","452","455","1,003","586","417","1,097","608","489","-94","-22","-72"
"61000","Japanese","2018000101","Jan. 2018","45000","Miyazaki-ken","866","413","453","977","560","417","1,025","565","460","-48","-5","-43"
"61000","Japanese","2018000101","Jan. 2018","46000","Kagoshima-ken","1,563","772","791","1,422","791","631","1,447","786","661","-25","5","-30"
"61000","Japanese","2018000101","Jan. 2018","47000","Okinawa-ken","2,940","1,454","1,486","1,528","805","723","1,287","681","606","241","124","117"
"61000","Japanese","2018000101","Jan. 2018","48000","Tokyo-Area","86,736","45,257","41,479","25,471","13,682","11,789","20,507","11,870","8,637","4,964","1,812","3,152"
"61000","Japanese","2018000101","Jan. 2018","49000","Nagoya-Area","19,265","10,253","9,012","6,728","4,019","2,709","7,311","4,309","3,002","-583","-290","-293"
"61000","Japanese","2018000101","Jan. 2018","50000","Osaka-Area","32,065","16,231","15,834","11,182","6,197","4,985","11,668","6,559","5,109","-486","-362","-124"
"61000","Japanese","2018000101","Jan. 2018","00416","Total of 21 major cities","50,302","25,634","24,668","75,240","39,937","35,303","70,339","37,864","32,475","4,901","2,073","2,828"
"61000","Japanese","2018000101","Jan. 2018","01100","Sapporo-shi","3,382","1,688","1,694","2,697","1,454","1,243","2,587","1,419","1,168","110","35","75"
"61000","Japanese","2018000101","Jan. 2018","04100","Sendai-shi","1,157","545","612","2,140","1,155","985","1,942","1,092","850","198","63","135"
"61000","Japanese","2018000101","Jan. 2018","11100","Saitama-shi","1,253","645","608","3,105","1,659","1,446","2,757","1,525","1,232","348","134","214"
"61000","Japanese","2018000101","Jan. 2018","12100","Chiba-shi","762","426","336","2,027","1,093","934","1,912","1,060","852","115","33","82"
"61000","Japanese","2018000101","Jan. 2018","13100","Ku-area of Tokyo","16,861","8,637","8,224","21,932","11,336","10,596","19,127","10,171","8,956","2,805","1,165","1,640"
"61000","Japanese","2018000101","Jan. 2018","14100","Yokohama-shi","4,696","2,490","2,206","7,027","3,749","3,278","6,901","3,744","3,157","126","5","121"
"61000","Japanese","2018000101","Jan. 2018","14130","Kawasaki-shi","1,119","624","495","4,707","2,542","2,165","4,429","2,449","1,980","278","93","185"
"61000","Japanese","2018000101","Jan. 2018","14150","Sagamihara-shi","387","203","184","1,539","834","705","1,518","798","720","21","36","-15"
"61000","Japanese","2018000101","Jan. 2018","15100","Niigata-shi","670","308","362","811","425","386","805","442","363","6","-17","23"
"61000","Japanese","2018000101","Jan. 2018","22100","Shizuoka-shi","459","241","218","958","555","403","937","475","462","21","80","-59"
"61000","Japanese","2018000101","Jan. 2018","22130","Hamamatsu-shi","1,150","578","572","884","502","382","960","530","430","-76","-28","-48"
"61000","Japanese","2018000101","Jan. 2018","23100","Nagoya-shi","3,319","1,706","1,613","4,863","2,715","2,148","4,718","2,614","2,104","145","101","44"
"61000","Japanese","2018000101","Jan. 2018","26100","Kyoto-shi","1,674","831","843","2,370","1,200","1,170","2,435","1,251","1,184","-65","-51","-14"
"61000","Japanese","2018000101","Jan. 2018","27100","Osaka-shi","4,016","2,032","1,984","6,439","3,450","2,989","5,717","3,036","2,681","722","414","308"
"61000","Japanese","2018000101","Jan. 2018","27140","Sakai-shi","625","319","306","1,379","690","689","1,411","766","645","-32","-76","44"
"61000","Japanese","2018000101","Jan. 2018","28100","Kobe-shi","1,653","815","838","2,507","1,328","1,179","2,641","1,344","1,297","-134","-16","-118"
"61000","Japanese","2018000101","Jan. 2018","33100","Okayama-shi","849","430","419","1,222","674","548","1,169","649","520","53","25","28"
"61000","Japanese","2018000101","Jan. 2018","34100","Hiroshima-shi","1,803","901","902","2,005","1,099","906","1,979","1,081","898","26","18","8"
"61000","Japanese","2018000101","Jan. 2018","40100","Kitakyushu-shi","1,152","599","553","1,350","753","597","1,412","772","640","-62","-19","-43"
"61000","Japanese","2018000101","Jan. 2018","40130","Fukuoka-shi","2,280","1,106","1,174","4,008","2,025","1,983","3,710","1,968","1,742","298","57","241"
"61000","Japanese","2018000101","Jan. 2018","43100","Kumamoto-shi","1,035","510","525","1,270","699","571","1,272","678","594","-2","21","-23"
